-- phpMyAdmin SQL Dump
-- version 3.3.10deb1
-- http://www.phpmyadmin.net
--
-- מארח: localhost
-- זמן ייצור: פברואר 01, 2013 at 06:53 PM
-- גרסת שרת: 5.1.63
-- גרסת PHP: 5.3.5-1ubuntu7.11

SET SQL_MODE="NO_AUTO_VALUE_ON_ZERO";


/*!40101 SET @OLD_CHARACTER_SET_CLIENT=@@CHARACTER_SET_CLIENT */;
/*!40101 SET @OLD_CHARACTER_SET_RESULTS=@@CHARACTER_SET_RESULTS */;
/*!40101 SET @OLD_COLLATION_CONNECTION=@@COLLATION_CONNECTION */;
/*!40101 SET NAMES utf8 */;

--
-- מאגר נתונים: `baza`
--

-- --------------------------------------------------------

--
-- מבנה טבלה עבור טבלה `accounts`
--

CREATE TABLE IF NOT EXISTS `accounts` (
  `login` varchar(16) CHARACTER SET latin1 NOT NULL,
  `password` varchar(32) CHARACTER SET latin1 DEFAULT NULL,
  PRIMARY KEY (`login`)
) ENGINE=MyISAM DEFAULT CHARSET=cp1251 ROW_FORMAT=DYNAMIC;

--
-- הוצאת מידע עבור טבלה `accounts`
--

INSERT INTO `accounts` (`login`, `password`) VALUES
('admin', '1098db2795d75b118bc6ff22e3e87400');

-- --------------------------------------------------------

--
-- מבנה טבלה עבור טבלה `black_list`
--

CREATE TABLE IF NOT EXISTS `black_list` (
  `date` timestamp NULL DEFAULT NULL ON UPDATE CURRENT_TIMESTAMP,
  `country` text,
  `phone` text,
  `operator` text,
  `IMEI` text,
  `balance` varchar(255) DEFAULT NULL
) ENGINE=MyISAM DEFAULT CHARSET=cp1251;

--
-- הוצאת מידע עבור טבלה `black_list`
--


-- --------------------------------------------------------

--
-- מבנה טבלה עבור טבלה `countries`
--

CREATE TABLE IF NOT EXISTS `countries` (
  `iso1_code` varchar(2) NOT NULL DEFAULT '',
  `name_caps` text,
  `name` text,
  `iso3_code` text,
  `num_code` text,
  PRIMARY KEY (`iso1_code`)
) ENGINE=MyISAM DEFAULT CHARSET=cp1251;

--
-- הוצאת מידע עבור טבלה `countries`
--

INSERT INTO `countries` (`iso1_code`, `name_caps`, `name`, `iso3_code`, `num_code`) VALUES
('AF', 'AFGHANISTAN', 'Афганистан', 'AFG', '4'),
('AL', 'ALBANIA', 'Албания', 'ALB', '8'),
('DZ', 'ALGERIA', 'Algeria', 'DZA', '12'),
('AS', 'AMERICAN SAMOA', 'American-Samoa', 'ASM', '16'),
('AD', 'ANDORRA', 'Андорра', 'AND', '20'),
('AO', 'ANGOLA', 'Angola', 'AGO', '24'),
('AI', 'ANGUILLA', 'Anguilla', 'AIA', '660'),
('AQ', 'ANTARCTICA', 'Antarctica', NULL, NULL),
('AG', 'ANTIGUA AND BARBUDA', 'Antigua-and-Barbuda', 'ATG', '28'),
('AR', 'ARGENTINA', 'Аргентина', 'ARG', '32'),
('AM', 'ARMENIA', 'Армения', 'ARM', '51'),
('AW', 'ARUBA', 'Aruba', 'ABW', '533'),
('AU', 'AUSTRALIA', 'Австралия', 'AUS', '36'),
('AT', 'AUSTRIA', 'Австрия', 'AUT', '40'),
('AZ', 'AZERBAIJAN', 'Азербайджан', 'AZE', '31'),
('BS', 'BAHAMAS', 'Багамы', 'BHS', '44'),
('BH', 'BAHRAIN', 'Bahrain', 'BHR', '48'),
('BD', 'BANGLADESH', 'Бангладеш', 'BGD', '50'),
('BB', 'BARBADOS', 'Барбадос', 'BRB', '52'),
('BY', 'BELARUS', 'Беларусь', 'BLR', '112'),
('BE', 'BELGIUM', 'Бельгия', 'BEL', '56'),
('BZ', 'BELIZE', 'Belize', 'BLZ', '84'),
('BJ', 'BENIN', 'Бенин', 'BEN', '204'),
('BM', 'BERMUDA', 'Бермуды', 'BMU', '60'),
('BT', 'BHUTAN', 'Бутан', 'BTN', '64'),
('BO', 'BOLIVIA', 'Боливия', 'BOL', '68'),
('BA', 'BOSNIA AND HERZEGOVINA', 'Босния и Герцеговина', 'BIH', '70'),
('BW', 'BOTSWANA', 'Ботсвана', 'BWA', '72'),
('BV', 'BOUVET ISLAND', 'Bouvet-Island', NULL, NULL),
('BR', 'BRAZIL', 'Brazil', 'BRA', '76'),
('IO', 'BRITISH INDIAN OCEAN TERRITORY', 'British-Indian-Ocean-Territory', NULL, NULL),
('BN', 'BRUNEI DARUSSALAM', 'Brunei-Darussalam', 'BRN', '96'),
('BG', 'BULGARIA', 'Болгария', 'BGR', '100'),
('BF', 'BURKINA FASO', 'Burkina-Faso', 'BFA', '854'),
('BI', 'BURUNDI', 'Бурунди', 'BDI', '108'),
('KH', 'CAMBODIA', 'Камбоджа', 'KHM', '116'),
('CM', 'CAMEROON', 'Камерун', 'CMR', '120'),
('CA', 'CANADA', 'Канада', 'CAN', '124'),
('CV', 'CAPE VERDE', 'Cape-Verde', 'CPV', '132'),
('KY', 'CAYMAN ISLANDS', 'Cayman-Islands', 'CYM', '136'),
('CF', 'CENTRAL AFRICAN REPUBLIC', 'Арфика', 'CAF', '140'),
('TD', 'CHAD', 'Chad', 'TCD', '148'),
('CL', 'CHILE', 'Чили', 'CHL', '152'),
('CN', 'CHINA', 'Китай', 'CHN', '156'),
('CX', 'CHRISTMAS ISLAND', 'Christmas-Island', NULL, NULL),
('CC', 'COCOS (KEELING) ISLANDS', 'Cocos-(Keeling)-Islands', NULL, NULL),
('CO', 'COLOMBIA', 'Колумбия', 'COL', '170'),
('KM', 'COMOROS', 'Comoros', 'COM', '174'),
('CG', 'CONGO', 'Конго', 'COG', '178'),
('CD', 'CONGO, THE DEMOCRATIC REPUBLIC OF THE', 'Конго', 'COD', '180'),
('CK', 'COOK ISLANDS', 'Cook-Islands', 'COK', '184'),
('CR', 'COSTA RICA', 'Коста-рика', 'CRI', '188'),
('CI', 'COTE D''IVOIRE', 'Cote-DIvoire', 'CIV', '384'),
('HR', 'CROATIA', 'Хорватия', 'HRV', '191'),
('CU', 'CUBA', 'Куба', 'CUB', '192'),
('CY', 'CYPRUS', 'Кипр', 'CYP', '196'),
('CZ', 'CZECH REPUBLIC', 'Чехия', 'CZE', '203'),
('DK', 'DENMARK', 'Дания', 'DNK', '208'),
('DJ', 'DJIBOUTI', 'Djibouti', 'DJI', '262'),
('DM', 'DOMINICA', 'Доминика', 'DMA', '212'),
('DO', 'DOMINICAN REPUBLIC', 'Доминиканская респ.', 'DOM', '214'),
('EC', 'ECUADOR', 'Эквадор', 'ECU', '218'),
('EG', 'EGYPT', 'Египет', 'EGY', '818'),
('SV', 'EL SALVADOR', 'El-Salvador', 'SLV', '222'),
('GQ', 'EQUATORIAL GUINEA', 'Экв. Гвинея', 'GNQ', '226'),
('ER', 'ERITREA', 'Eritrea', 'ERI', '232'),
('EE', 'ESTONIA', 'Эстония', 'EST', '233'),
('ET', 'ETHIOPIA', 'Ethiopia', 'ETH', '231'),
('FK', 'FALKLAND ISLANDS (MALVINAS)', 'Falkland-Islands-(Malvinas)', 'FLK', '238'),
('FO', 'FAROE ISLANDS', 'Faroe-Islands', 'FRO', '234'),
('FJ', 'FIJI', 'Fiji', 'FJI', '242'),
('FI', 'FINLAND', 'Финляндия', 'FIN', '246'),
('FR', 'FRANCE', 'Франция', 'FRA', '250'),
('GF', 'FRENCH GUIANA', 'French-Guiana', 'GUF', '254'),
('PF', 'FRENCH POLYNESIA', 'French-Polynesia', 'PYF', '258'),
('TF', 'FRENCH SOUTHERN TERRITORIES', 'French-Southern-Territories', NULL, NULL),
('GA', 'GABON', 'Gabon', 'GAB', '266'),
('GM', 'GAMBIA', 'Gambia', 'GMB', '270'),
('GE', 'GEORGIA', 'Georgia', 'GEO', '268'),
('DE', 'GERMANY', 'Германия', 'DEU', '276'),
('GH', 'GHANA', 'Ghana', 'GHA', '288'),
('GI', 'GIBRALTAR', 'Гибралтар', 'GIB', '292'),
('GR', 'GREECE', 'Греция', 'GRC', '300'),
('GL', 'GREENLAND', 'Гринладния', 'GRL', '304'),
('GD', 'GRENADA', 'Гренада', 'GRD', '308'),
('GP', 'GUADELOUPE', 'Guadeloupe', 'GLP', '312'),
('GU', 'GUAM', 'Guam', 'GUM', '316'),
('GT', 'GUATEMALA', 'Гватемала', 'GTM', '320'),
('GN', 'GUINEA', 'Guinea', 'GIN', '324'),
('GW', 'GUINEA-BISSAU', 'Guinea-Bissau', 'GNB', '624'),
('GY', 'GUYANA', 'Guyana', 'GUY', '328'),
('HT', 'HAITI', 'Гаити', 'HTI', '332'),
('HM', 'HEARD ISLAND AND MCDONALD ISLANDS', 'Heard-Island-and-Mcdonald-Islands', NULL, NULL),
('VA', 'HOLY SEE (VATICAN CITY STATE)', 'Holy-See-(Vatican-City-State)', 'VAT', '336'),
('HN', 'HONDURAS', 'Гондурас', 'HND', '340'),
('HK', 'HONG KONG', 'Гонг-конг', 'HKG', '344'),
('HU', 'HUNGARY', 'Hungary', 'HUN', '348'),
('IS', 'ICELAND', 'Исландия', 'ISL', '352'),
('IN', 'INDIA', 'Индия', 'IND', '356'),
('ID', 'INDONESIA', 'Индонезия', 'IDN', '360'),
('IR', 'IRAN, ISLAMIC REPUBLIC OF', 'Iran,-Islamic-Republic-of', 'IRN', '364'),
('IQ', 'IRAQ', 'Ирак', 'IRQ', '368'),
('IE', 'IRELAND', 'Ирландия', 'IRL', '372'),
('IL', 'ISRAEL', 'Израиль', 'ISR', '376'),
('IT', 'ITALY', 'италия', 'ITA', '380'),
('JM', 'JAMAICA', 'Ямайка', 'JAM', '388'),
('JP', 'JAPAN', 'Япония', 'JPN', '392'),
('JO', 'JORDAN', 'Иорадния', 'JOR', '400'),
('KZ', 'KAZAKHSTAN', 'Казахстан', 'KAZ', '398'),
('KE', 'KENYA', 'Кения', 'KEN', '404'),
('KI', 'KIRIBATI', 'Kiribati', 'KIR', '296'),
('KP', 'KOREA, DEMOCRATIC PEOPLE''S REPUBLIC OF', 'Корейская респ.', 'PRK', '408'),
('KR', 'KOREA, REPUBLIC OF', 'Корея', 'KOR', '410'),
('KW', 'KUWAIT', 'Кувейт', 'KWT', '414'),
('KG', 'KYRGYZSTAN', 'Киргизия', 'KGZ', '417'),
('LA', 'LAO PEOPLE''S DEMOCRATIC REPUBLIC', 'Lao-Peoples-Democratic-Republic', 'LAO', '418'),
('LV', 'LATVIA', 'Латвия', 'LVA', '428'),
('LB', 'LEBANON', 'Лебанон', 'LBN', '422'),
('LS', 'LESOTHO', 'Lesotho', 'LSO', '426'),
('LR', 'LIBERIA', 'Либерия', 'LBR', '430'),
('LY', 'LIBYAN ARAB JAMAHIRIYA', 'Libyan-Arab-Jamahiriya', 'LBY', '434'),
('LI', 'LIECHTENSTEIN', 'Линхинштейн', 'LIE', '438'),
('LT', 'LITHUANIA', 'Литва', 'LTU', '440'),
('LU', 'LUXEMBOURG', 'Люксембург', 'LUX', '442'),
('MO', 'MACAO', 'Макао', 'MAC', '446'),
('MK', 'MACEDONIA, THE FORMER YUGOSLAV REPUBLIC OF', 'Македония', 'MKD', '807'),
('MG', 'MADAGASCAR', 'Мадагаскар', 'MDG', '450'),
('MW', 'MALAWI', 'Malawi', 'MWI', '454'),
('MY', 'MALAYSIA', 'Малайзия', 'MYS', '458'),
('MV', 'MALDIVES', 'Мальдивы', 'MDV', '462'),
('ML', 'MALI', 'Мали', 'MLI', '466'),
('MT', 'MALTA', 'Мальта', 'MLT', '470'),
('MH', 'MARSHALL ISLANDS', 'Marshall-Islands', 'MHL', '584'),
('MQ', 'MARTINIQUE', 'Martinique', 'MTQ', '474'),
('MR', 'MAURITANIA', 'Mauritania', 'MRT', '478'),
('MU', 'MAURITIUS', 'Mauritius', 'MUS', '480'),
('YT', 'MAYOTTE', 'Mayotte', NULL, NULL),
('MX', 'MEXICO', 'Мексика', 'MEX', '484'),
('FM', 'MICRONESIA, FEDERATED STATES OF', 'Micronesia,-Federated-States-of', 'FSM', '583'),
('MD', 'MOLDOVA, REPUBLIC OF', 'Молдова', 'MDA', '498'),
('MC', 'MONACO', 'Монако', 'MCO', '492'),
('MN', 'MONGOLIA', 'Монголия', 'MNG', '496'),
('MS', 'MONTSERRAT', 'Монсеррат', 'MSR', '500'),
('MA', 'MOROCCO', 'Морокко', 'MAR', '504'),
('MZ', 'MOZAMBIQUE', 'Мозамбек', 'MOZ', '508'),
('MM', 'MYANMAR', 'Myanmar', 'MMR', '104'),
('NA', 'NAMIBIA', 'Намибия', 'NAM', '516'),
('NR', 'NAURU', 'Науру', 'NRU', '520'),
('NP', 'NEPAL', 'Непал', 'NPL', '524'),
('NL', 'NETHERLANDS', 'Нидерланды', 'NLD', '528'),
('AN', 'NETHERLANDS ANTILLES', 'Netherlands-Antilles', 'ANT', '530'),
('NC', 'NEW CALEDONIA', 'New-Caledonia', 'NCL', '540'),
('NZ', 'NEW ZEALAND', 'Новая зеландия', 'NZL', '554'),
('NI', 'NICARAGUA', 'Никарагуа', 'NIC', '558'),
('NE', 'NIGER', 'Нигер', 'NER', '562'),
('NG', 'NIGERIA', 'Нигерия', 'NGA', '566'),
('NU', 'NIUE', 'Niue', 'NIU', '570'),
('NF', 'NORFOLK ISLAND', 'Norfolk-Island', 'NFK', '574'),
('MP', 'NORTHERN MARIANA ISLANDS', 'Northern-Mariana-Islands', 'MNP', '580'),
('NO', 'NORWAY', 'Норвегия', 'NOR', '578'),
('OM', 'OMAN', 'Оман', 'OMN', '512'),
('PK', 'PAKISTAN', 'Пакистан', 'PAK', '586'),
('PW', 'PALAU', 'Palau', 'PLW', '585'),
('PS', 'PALESTINIAN TERRITORY, OCCUPIED', 'Палестина', NULL, NULL),
('PA', 'PANAMA', 'Панама', 'PAN', '591'),
('PG', 'PAPUA NEW GUINEA', 'Papua-New-Guinea', 'PNG', '598'),
('PY', 'PARAGUAY', 'Парагвай', 'PRY', '600'),
('PE', 'PERU', 'Перу', 'PER', '604'),
('PH', 'PHILIPPINES', 'Филлипины', 'PHL', '608'),
('PN', 'PITCAIRN', 'Pitcairn', 'PCN', '612'),
('PL', 'POLAND', 'Польша', 'POL', '616'),
('PT', 'PORTUGAL', 'Португалия', 'PRT', '620'),
('PR', 'PUERTO RICO', 'Пуерто-рико', 'PRI', '630'),
('QA', 'QATAR', 'Qatar', 'QAT', '634'),
('RE', 'REUNION', 'Reunion', 'REU', '638'),
('RO', 'ROMANIA', 'Румыния', 'ROM', '642'),
('RU', 'RUSSIAN FEDERATION', 'Россия', 'RUS', '643'),
('RW', 'RWANDA', 'Rwanda', 'RWA', '646'),
('SH', 'SAINT HELENA', 'Saint-Helena', 'SHN', '654'),
('KN', 'SAINT KITTS AND NEVIS', 'Saint-Kitts-and-Nevis', 'KNA', '659'),
('LC', 'SAINT LUCIA', 'Saint-Lucia', 'LCA', '662'),
('PM', 'SAINT PIERRE AND MIQUELON', 'Saint-Pierre-and-Miquelon', 'SPM', '666'),
('VC', 'SAINT VINCENT AND THE GRENADINES', 'Saint-Vincent-and-the-Grenadines', 'VCT', '670'),
('WS', 'SAMOA', 'Самоа', 'WSM', '882'),
('SM', 'SAN MARINO', 'Сан-марино', 'SMR', '674'),
('ST', 'SAO TOME AND PRINCIPE', 'Sao-Tome-and-Principe', 'STP', '678'),
('SA', 'SAUDI ARABIA', 'Сауд. Арабия', 'SAU', '682'),
('SN', 'SENEGAL', 'Senegal', 'SEN', '686'),
('CS', 'SERBIA AND MONTENEGRO', 'Serbia-and-Montenegro', NULL, NULL),
('SC', 'SEYCHELLES', 'Seychelles', 'SYC', '690'),
('SL', 'SIERRA LEONE', 'Sierra-Leone', 'SLE', '694'),
('SG', 'SINGAPORE', 'Сингапур', 'SGP', '702'),
('SK', 'SLOVAKIA', 'Словакия', 'SVK', '703'),
('SI', 'SLOVENIA', 'Словения', 'SVN', '705'),
('SB', 'SOLOMON ISLANDS', 'Solomon-Islands', 'SLB', '90'),
('SO', 'SOMALIA', 'Somalia', 'SOM', '706'),
('ZA', 'SOUTH AFRICA', 'Африка', 'ZAF', '710'),
('GS', 'SOUTH GEORGIA AND THE SOUTH SANDWICH ISLANDS', 'South-Georgia-and-the-South-Sandwich-Islands', NULL, NULL),
('ES', 'SPAIN', 'Испания', 'ESP', '724'),
('LK', 'SRI LANKA', 'Шри-ланка', 'LKA', '144'),
('SD', 'SUDAN', 'Судан', 'SDN', '736'),
('SR', 'SURINAME', 'Suriname', 'SUR', '740'),
('SJ', 'SVALBARD AND JAN MAYEN', 'Svalbard-and-Jan-Mayen', 'SJM', '744'),
('SZ', 'SWAZILAND', 'Swaziland', 'SWZ', '748'),
('SE', 'SWEDEN', 'Швеция', 'SWE', '752'),
('CH', 'SWITZERLAND', 'Швейцария', 'CHE', '756'),
('SY', 'SYRIAN ARAB REPUBLIC', 'Syrian-Arab-Republic', 'SYR', '760'),
('TW', 'TAIWAN, PROVINCE OF CHINA', 'Тайвань', 'TWN', '158'),
('TJ', 'TAJIKISTAN', 'Таджикистан', 'TJK', '762'),
('TZ', 'TANZANIA, UNITED REPUBLIC OF', 'Tanzania,-United-Republic-of', 'TZA', '834'),
('TH', 'THAILAND', 'Тайланд', 'THA', '764'),
('TL', 'TIMOR-LESTE', 'Timor-Leste', NULL, NULL),
('TG', 'TOGO', 'Togo', 'TGO', '768'),
('TK', 'TOKELAU', 'Tokelau', 'TKL', '772'),
('TO', 'TONGA', 'Tonga', 'TON', '776'),
('TT', 'TRINIDAD AND TOBAGO', 'Trinidad-and-Tobago', 'TTO', '780'),
('TN', 'TUNISIA', 'Тунис', 'TUN', '788'),
('TR', 'TURKEY', 'Турция', 'TUR', '792'),
('TM', 'TURKMENISTAN', 'Туркменистан', 'TKM', '795'),
('TC', 'TURKS AND CAICOS ISLANDS', 'Turks-and-Caicos-Islands', 'TCA', '796'),
('TV', 'TUVALU', 'Tuvalu', 'TUV', '798'),
('UG', 'UGANDA', 'Uganda', 'UGA', '800'),
('UA', 'UKRAINE', 'Украина', 'UKR', '804'),
('AE', 'UNITED ARAB EMIRATES', 'ОАЭ', 'ARE', '784'),
('GB', 'UNITED KINGDOM', 'Великобритания', 'GBR', '826'),
('US', 'UNITED STATES', 'США', 'USA', '840'),
('UM', 'UNITED STATES MINOR OUTLYING ISLANDS', 'United-States-Minor-Outlying-Islands', NULL, NULL),
('UY', 'URUGUAY', 'Уругваи', 'URY', '858'),
('UZ', 'UZBEKISTAN', 'Узбекистан', 'UZB', '860'),
('VU', 'VANUATU', 'Vanuatu', 'VUT', '548'),
('VE', 'VENEZUELA', 'Венесуэлла', 'VEN', '862'),
('VN', 'VIET NAM', 'Вьетнам', 'VNM', '704'),
('VG', 'VIRGIN ISLANDS, BRITISH', 'Virgin-Islands,-British', 'VGB', '92'),
('VI', 'VIRGIN ISLANDS, U.S.', 'Virgin-Islands,-U.s.', 'VIR', '850'),
('WF', 'WALLIS AND FUTUNA', 'Wallis-and-Futuna', 'WLF', '876'),
('EH', 'WESTERN SAHARA', 'Western-Sahara', 'ESH', '732'),
('YE', 'YEMEN', 'Yemen', 'YEM', '887'),
('ZM', 'ZAMBIA', 'Замбия', 'ZMB', '894'),
('ZW', 'ZIMBABWE', 'Зимбабве', 'ZWE', '716');

-- --------------------------------------------------------

--
-- מבנה טבלה עבור טבלה `ip_operators`
--

CREATE TABLE IF NOT EXISTS `ip_operators` (
  `id` int(10) unsigned NOT NULL DEFAULT '0',
  `id_operator` int(10) unsigned NOT NULL DEFAULT '0',
  `ip1` int(10) unsigned NOT NULL DEFAULT '0',
  `ip2` int(10) unsigned NOT NULL DEFAULT '0'
) ENGINE=MyISAM DEFAULT CHARSET=cp1251;

--
-- הוצאת מידע עבור טבלה `ip_operators`
--

INSERT INTO `ip_operators` (`id`, `id_operator`, `ip1`, `ip2`) VALUES
(1, 1, 1347126528, 1347127167),
(2, 1, 1347674112, 1347674623),
(3, 1, 1347677184, 1347678207),
(4, 1, 1360933376, 1360933887),
(5, 1, 1410457600, 1410459647),
(6, 1, 1500315648, 1500332031),
(7, 1, 1535627776, 1535628031),
(8, 1, 1603903488, 1603907583),
(9, 1, 1603907584, 1603911679),
(10, 1, 3258356736, 3258357759),
(11, 1, 3273026560, 3273027583),
(12, 1, 3276428288, 3276428543),
(13, 1, 3277188608, 3277188863),
(14, 1, 3277989440, 3277989503),
(15, 1, 3281465344, 3281465599),
(16, 1, 3287259392, 3287259647),
(17, 1, 3562834688, 3562834879),
(18, 1, 3562834880, 3562834943),
(19, 1, 3577445376, 3577445631),
(20, 1, 3578831872, 3578832127),
(21, 1, 3579248640, 3579258879),
(22, 1, 3579259392, 3579265535),
(23, 1, 3579267072, 3579267935),
(24, 1, 3579268096, 3579268607),
(25, 1, 3579269120, 3579273215),
(26, 1, 3579273216, 3579273727),
(27, 1, 3579273728, 3579274239),
(28, 1, 3579277824, 3579278335),
(29, 1, 3579279360, 3579279871),
(30, 1, 3579279872, 3579280383),
(31, 1, 3579280384, 3579280895),
(32, 1, 3579281408, 3579283455),
(33, 1, 3579283456, 3579285503),
(34, 1, 3579297792, 3579299839),
(35, 1, 3579310080, 3579311103),
(36, 1, 3641237504, 3641240575),
(37, 1, 3641240576, 3641241599),
(38, 1, 3641283968, 3641284031),
(39, 1, 3645018112, 3645019135),
(40, 1, 3645020160, 3645022207),
(41, 1, 3645566976, 3645569023),
(42, 1, 3645569280, 3645569535),
(43, 1, 3645569536, 3645569791),
(44, 1, 3645569792, 3645570047),
(45, 1, 3645570816, 3645571071),
(46, 1, 3647698432, 3647698687),
(47, 1, 3648478720, 3648479231),
(48, 2, 520982528, 520983039),
(49, 2, 1042388736, 1042388991),
(50, 2, 1357732384, 1357732399),
(51, 2, 1357732496, 1357732511),
(52, 2, 1385655288, 1385655295),
(53, 2, 1406984192, 1406985215),
(54, 2, 1406988288, 1406992383),
(55, 2, 1433657344, 1433657599),
(56, 2, 1433659904, 1433660415),
(57, 2, 1433662208, 1433662463),
(58, 2, 1433663488, 1433663743),
(59, 2, 1505550336, 1505551359),
(60, 2, 3287253376, 3287253391),
(61, 2, 3648405504, 3648406527),
(62, 2, 3648406528, 3648407551),
(63, 2, 3648408576, 3648409599),
(64, 2, 3648409600, 3648410623),
(65, 2, 3648410624, 3648411647),
(66, 2, 3648411648, 3648412671),
(67, 2, 3648412672, 3648413695),
(68, 2, 3650404352, 3650405375),
(69, 3, 786795520, 786795775),
(70, 3, 786795776, 786796031),
(71, 3, 786796032, 786796287),
(72, 3, 1402273792, 1402275839),
(73, 3, 1402275840, 1402276351),
(74, 3, 1402275840, 1402276863),
(75, 3, 1402278656, 1402278911),
(76, 3, 1402278912, 1402279935),
(77, 3, 1402279936, 1402280959),
(78, 3, 1402280960, 1402281983),
(79, 3, 1402281984, 1402283007),
(80, 3, 1402283008, 1402284031),
(81, 3, 1402284032, 1402285055),
(82, 3, 1402285056, 1402286079),
(83, 3, 1402286080, 1402287103),
(84, 3, 1402287104, 1402288127),
(85, 3, 1407848448, 1407849215),
(86, 3, 1427800064, 1427801087),
(87, 3, 1427801088, 1427802111),
(88, 3, 1427802112, 1427804159),
(89, 3, 1427804160, 1427804415),
(90, 3, 1427805184, 1427806207),
(91, 3, 1427806208, 1427807231),
(92, 3, 1427806976, 1427807231),
(93, 3, 1427808256, 1427809279),
(94, 3, 1427809280, 1427810303),
(95, 3, 1427810304, 1427812351),
(96, 3, 1427812352, 1427813375),
(97, 3, 1427813376, 1427814399),
(98, 3, 1427814400, 1427815423),
(99, 3, 1427819520, 1427819775),
(100, 3, 1427820032, 1427820543),
(101, 3, 1427824640, 1427825663),
(102, 3, 1427825664, 1427826687),
(103, 3, 1427826432, 1427826559),
(104, 3, 1427826688, 1427827711),
(105, 3, 1427826688, 1427828735),
(106, 3, 1427828736, 1427829759),
(107, 3, 3251233792, 3251234815),
(108, 4, 520912896, 520945663),
(109, 4, 529530880, 529539071),
(110, 4, 529530880, 529547263),
(111, 4, 529530880, 529596415),
(112, 4, 780468224, 780517375),
(113, 4, 780517376, 780533759),
(114, 4, 1295253504, 1295319039),
(115, 4, 1295269888, 1295286271),
(116, 4, 1295302656, 1295319039),
(117, 4, 1358905344, 1358905471),
(118, 4, 1358905344, 1358909439),
(119, 4, 1358907392, 1358907647),
(120, 4, 1358907648, 1358907903),
(121, 4, 1358907904, 1358908159),
(122, 4, 1358908160, 1358908415),
(123, 4, 1358908416, 1358908671),
(124, 4, 1358908672, 1358908927),
(125, 4, 1358908928, 1358909183),
(126, 4, 1358909184, 1358909439),
(127, 4, 1490436096, 1490444287),
(128, 4, 1490444288, 1490452479),
(129, 4, 1601011712, 1601015807),
(130, 4, 1601011712, 1601019903),
(131, 4, 1601011712, 1601036287),
(132, 4, 1601015808, 1601017855),
(133, 4, 1601017856, 1601018111),
(134, 4, 1601018112, 1601018367),
(135, 4, 1601018368, 1601018623),
(136, 4, 1601018624, 1601018879),
(137, 4, 1601018880, 1601019135),
(138, 4, 1601019136, 1601019391),
(139, 4, 1601019392, 1601019647),
(140, 4, 1601019648, 1601019903),
(141, 4, 1601019904, 1601028095),
(142, 4, 1601028096, 1601036287),
(143, 4, 1601036288, 1601044479),
(144, 4, 2155610112, 2155642879),
(145, 4, 2155642880, 2155651071),
(146, 4, 2155651072, 2155675647),
(147, 4, 2995060736, 2995077119),
(148, 4, 2995077120, 2995085311),
(149, 4, 2995085312, 2995093503),
(150, 4, 2995093504, 2995109887),
(151, 4, 2995109888, 2995118079),
(152, 4, 2995118080, 2995126271),
(153, 5, 628293632, 628310015),
(154, 5, 628310016, 628326399),
(155, 5, 628326400, 628359167),
(156, 5, 783876096, 783892479),
(157, 5, 783892480, 783908863),
(158, 5, 785580032, 785645567),
(159, 5, 1360465920, 1360467967),
(160, 5, 1360467968, 1360470015),
(161, 5, 1587085312, 1587118079),
(162, 5, 1587085312, 1587150847),
(163, 5, 1587118080, 1587150847),
(164, 5, 1839333376, 1839349759),
(165, 5, 1839333376, 1839366143),
(166, 5, 2264465408, 2264481791),
(167, 5, 2264481792, 2264498175),
(168, 5, 2264498176, 2264530943),
(169, 5, 2953314304, 2953379839),
(170, 5, 2995322880, 2995355647),
(171, 5, 2995355648, 2995388415),
(172, 5, 3239888896, 3239889151),
(173, 5, 3240705024, 3240706047),
(174, 5, 3287664640, 3287664895),
(175, 6, 38273024, 38535167),
(176, 6, 38535168, 38600703),
(177, 6, 38600704, 38666239),
(178, 6, 38666240, 38682623),
(179, 6, 38677760, 38678015),
(180, 6, 38682624, 38699007),
(181, 6, 38699008, 38731775),
(182, 6, 38731776, 38797311),
(183, 6, 1539950592, 1539951103),
(184, 6, 2500050944, 2500059135),
(185, 6, 2500050944, 2500067327),
(186, 6, 2500059136, 2500067327),
(187, 6, 2501574656, 2501640191),
(188, 6, 2751463424, 2751496191),
(189, 6, 2751496192, 2751528959),
(190, 6, 2754084864, 2754101247),
(191, 6, 2754101248, 2754117631),
(192, 6, 3261777408, 3261777919),
(193, 6, 3274702592, 3274702847),
(194, 6, 3566900480, 3566900543),
(195, 7, 775421952, 775430143),
(196, 7, 775430144, 775438335),
(197, 7, 775438336, 775446527),
(198, 7, 775446528, 775454719),
(199, 7, 785907712, 785940479),
(200, 7, 785940480, 785973247),
(201, 7, 1476194816, 1476195071),
(202, 7, 1476195072, 1476195327),
(203, 7, 2249261056, 2249265151),
(204, 7, 2249265152, 2249269247),
(205, 7, 2249269248, 2249277439),
(206, 7, 2249277440, 2249285631),
(207, 7, 2249285632, 2249293823),
(208, 7, 2249293824, 2249302015),
(209, 7, 2249302016, 2249310207),
(210, 7, 2249310208, 2249318399),
(211, 7, 2249318400, 2249326591),
(212, 7, 2956722176, 2956738559),
(213, 7, 2956738560, 2956754943),
(214, 7, 2956754944, 2956771327),
(215, 7, 2956771328, 2956787711),
(216, 7, 2997387264, 2997403647),
(217, 7, 2997403648, 2997420031),
(218, 7, 3642047744, 3642047999),
(219, 8, 1489879040, 1489883135),
(220, 8, 1494507776, 1494508031),
(221, 8, 1506570240, 1506574335),
(222, 8, 1519796224, 1519800319),
(223, 8, 3564676832, 3564676863),
(224, 11, 1404174336, 1404182527),
(225, 11, 1404182528, 1404188671),
(226, 11, 1404188672, 1404189183),
(227, 11, 1404190720, 1404198911),
(228, 11, 1404210176, 1404211199),
(229, 11, 1404211200, 1404212223),
(230, 11, 1404212736, 1404213247),
(231, 11, 1404213248, 1404215295),
(232, 11, 1404220416, 1404223487),
(233, 11, 1404225536, 1404227071),
(234, 11, 1404227584, 1404232191),
(235, 11, 1404234240, 1404234751),
(236, 11, 1404235776, 1404237823),
(237, 11, 1404237824, 1404239871),
(238, 11, 1404239872, 1404272639),
(239, 11, 1404272640, 1404305407),
(240, 11, 1404321792, 1404338175),
(241, 11, 1404377856, 1404377983),
(242, 11, 1404420096, 1404436479),
(243, 11, 1404583936, 1404633087),
(244, 11, 1404645888, 1404665855),
(245, 11, 1404692480, 1404694527),
(246, 11, 1404813312, 1404829695),
(247, 11, 1404829696, 1404837887),
(248, 11, 1404837888, 1404846079),
(249, 11, 1404846080, 1404854271),
(250, 11, 1404854272, 1404862463),
(251, 11, 1404862464, 1404870655),
(252, 11, 1404870656, 1404872703),
(253, 11, 1404872704, 1404874751),
(254, 11, 1404874752, 1404875775),
(255, 11, 1404875776, 1404876287),
(256, 11, 1404876800, 1404878847),
(257, 11, 1404878848, 1404895231),
(258, 11, 1518530560, 1518534655),
(259, 11, 1518600192, 1518632959),
(260, 11, 1518649344, 1518665727),
(261, 11, 1518665728, 1518698495),
(262, 11, 1518698496, 1518714879),
(263, 11, 1518714880, 1518723071),
(264, 11, 1518723072, 1518727167),
(265, 11, 1518927872, 1518944255),
(266, 11, 1518944256, 1518960639),
(267, 11, 1518977024, 1518985215),
(268, 11, 1518985216, 1518993407),
(269, 11, 1518993408, 1519058943),
(270, 11, 1519058944, 1519124479),
(271, 11, 1519124480, 1519190015),
(272, 11, 1519222784, 1519255551),
(273, 11, 1519321088, 1519386623),
(274, 11, 1559324832, 1559324839),
(275, 11, 2197028864, 2197094399),
(276, 11, 2957312000, 2957377535),
(277, 11, 3277993032, 3277993039),
(278, 11, 3563077632, 3563081727),
(279, 11, 3566723072, 3566723327),
(280, 11, 3566723328, 3566723839),
(281, 11, 3572996368, 3572996383),
(282, 11, 3580203520, 3580204543),
(283, 11, 3580280832, 3580297215),
(284, 11, 3580297216, 3580329983),
(285, 11, 1306001408, 1306263551),
(286, 11, 1306140672, 1306148863),
(287, 11, 1357732464, 1357732479),
(288, 11, 1372815360, 1372831743),
(289, 11, 1372831744, 1372848127),
(290, 18, 1347599104, 1347599359),
(291, 18, 1360162816, 1360163839),
(292, 18, 1360163840, 1360164351),
(293, 18, 1360164352, 1360166910),
(294, 18, 1407867392, 1407867647),
(295, 18, 1506746368, 1506747391),
(296, 18, 1506747392, 1506748415),
(297, 18, 2684305408, 2684321791),
(298, 18, 2956656640, 2956689407),
(299, 18, 2956689408, 2956722175),
(300, 18, 3274599168, 3274599423),
(301, 18, 3274600448, 3274600703),
(302, 18, 3588519936, 3588520447),
(303, 19, 1566550016, 1566552063),
(304, 19, 3564238848, 3564239871),
(305, 19, 3650368256, 3650368511),
(306, 19, 3650368512, 3650368767),
(307, 20, 3253698560, 3253699071),
(308, 20, 3588472832, 3588489215),
(309, 21, 625541120, 625573887),
(310, 21, 784279552, 784281599),
(311, 21, 1333559296, 1333575679),
(312, 21, 1333575680, 1333592063),
(313, 21, 1486487552, 1486553087),
(314, 21, 1486553088, 1486618623),
(315, 21, 1536278528, 1536286719),
(316, 21, 1536286720, 1536294911),
(317, 21, 2677178368, 2677194751),
(318, 21, 2677194752, 2677211135),
(319, 21, 2678063104, 2678095871),
(320, 21, 2678095872, 2678128639),
(321, 21, 3560611840, 3560612095),
(322, 21, 3560612352, 3560612863),
(323, 21, 3560612864, 3560613887),
(324, 21, 3560613888, 3560615935),
(325, 21, 3560615936, 3560620031),
(326, 22, 786675712, 786675967),
(327, 22, 1296711680, 1296711935),
(328, 22, 1296712448, 1296712703),
(329, 22, 3557661440, 3557661695),
(330, 22, 3566895104, 3566895359),
(331, 22, 3566897792, 3566897919),
(332, 22, 3566904064, 3566904319),
(333, 22, 3587391488, 3587407871),
(334, 23, 1310555648, 1310555903),
(335, 23, 1334076248, 1334076287),
(336, 23, 1334076287, 1389383167),
(337, 23, 1432330240, 1432334335),
(338, 23, 1506762752, 1506764799),
(339, 23, 1506763648, 1506763711),
(340, 23, 1551630336, 1551892479),
(341, 23, 1566410752, 1566411775),
(342, 23, 1566412288, 1566412799),
(343, 23, 1585442816, 1585443839),
(344, 23, 1585443840, 1585444863),
(345, 23, 1592803328, 1592811519),
(346, 23, 1592803328, 1592819711),
(347, 23, 1592811520, 1592815615),
(348, 23, 1592815616, 1592817663),
(349, 23, 1592817664, 1592817919),
(350, 23, 1592817664, 1592818687),
(351, 23, 1592818048, 1592818175),
(352, 23, 1592818176, 1592818431),
(353, 23, 3267008512, 3267008767),
(354, 23, 3557253120, 3557255167),
(355, 23, 3557253120, 3557261311),
(356, 23, 3652001536, 3652001599),
(357, 24, 1310210048, 1310211071),
(358, 24, 1310210048, 1310212095),
(359, 24, 1412399104, 1412415487),
(360, 24, 1412413440, 1412413951),
(361, 24, 1441609984, 1441610239),
(362, 24, 1540546560, 1540547583),
(363, 24, 1607928832, 1607929855),
(364, 24, 3260286336, 3260286463),
(365, 24, 3284079104, 3284079615),
(366, 24, 3645731072, 3645731079),
(367, 24, 1293811712, 1293811712),
(368, 24, 1424703488, 1424711679),
(369, 24, 3157262336, 3157786623),
(370, 24, 3564535808, 3564543999),
(371, 24, 3570892800, 3570925567),
(372, 24, 1042355200, 1042355455),
(373, 24, 1311332352, 1311333375),
(374, 24, 1349763072, 1349771263),
(375, 24, 1406739968, 1406740223),
(376, 24, 1432092672, 1432094719),
(377, 24, 1432096768, 1432098815),
(378, 24, 1432098816, 1432100863),
(379, 24, 1509752832, 1509756927),
(380, 24, 1509752832, 1509769215),
(381, 24, 1536516096, 1536518143),
(382, 24, 1536518144, 1536519167),
(383, 24, 1536519424, 1536519679),
(384, 24, 1536519680, 1536519935),
(385, 24, 1536519936, 1536520191),
(386, 24, 1536520192, 1536520447),
(387, 24, 1536520704, 1536520959),
(388, 24, 1536521216, 1536521471),
(389, 24, 1536521472, 1536521727),
(390, 24, 1536521728, 1536521983),
(391, 24, 1536522240, 1536523263),
(392, 24, 1536523264, 1536524287),
(393, 24, 1539490304, 1539490815),
(394, 24, 1545863168, 1545879551),
(395, 24, 1545879552, 1545895935),
(396, 24, 1572679680, 1572681727),
(397, 24, 1582104576, 1582120959),
(398, 24, 1585404928, 1585405951),
(399, 24, 1592648192, 1592648447),
(400, 24, 1592648960, 1592649215),
(401, 24, 1592649216, 1592649471),
(402, 24, 1592649472, 1592649727),
(403, 24, 1592649984, 1592650239),
(404, 24, 1592650240, 1592650495),
(405, 24, 1592650496, 1592650751),
(406, 24, 1592651008, 1592651263),
(407, 24, 1592651776, 1592652031),
(408, 24, 1592652032, 1592652287),
(409, 24, 1592652288, 1592652543),
(410, 24, 1592652800, 1592653055),
(411, 24, 1592653056, 1592653311),
(412, 24, 1592653312, 1592653567),
(413, 24, 1592653568, 1592653823),
(414, 24, 1592654848, 1592655103),
(415, 24, 1592655104, 1592655359),
(416, 24, 1592655360, 1592655615),
(417, 24, 1592655616, 1592655871),
(418, 24, 1844141056, 1844141567),
(419, 24, 1844141568, 1844142079),
(420, 24, 2996666368, 2996668415),
(421, 24, 2996670464, 2996672511),
(422, 24, 2996672512, 2996674559),
(423, 24, 2996674560, 2996675583),
(424, 24, 2996675584, 2996676607),
(425, 24, 2996677632, 2996677887),
(426, 24, 3247084544, 3247085567),
(427, 24, 3272918016, 3272918527),
(428, 24, 3281467392, 3281467647),
(429, 24, 3564679168, 3564679423),
(430, 24, 3565250048, 3565250559),
(431, 24, 3565250560, 3565254655),
(432, 24, 3578853376, 3578854079),
(433, 24, 3648215680, 3648215807),
(434, 30, 3582427136, 3582431103),
(435, 33, 621871104, 621903871),
(436, 33, 775454720, 775471103),
(437, 33, 775471104, 775487487),
(438, 33, 1296703488, 1296704511),
(439, 33, 1296704512, 1296705535),
(440, 33, 2151743488, 2151759871),
(441, 33, 2156720128, 2156722175),
(442, 33, 2156722176, 2156724223),
(443, 33, 2997059584, 2997075967),
(444, 33, 2997075968, 2997092351),
(445, 35, 1360678912, 1360683007),
(446, 35, 1388851200, 1388851455),
(447, 35, 1509527552, 1509528575),
(448, 35, 1522276352, 1522278399),
(449, 35, 3278955480, 3278955515),
(450, 35, 3278960128, 3278960383),
(451, 39, 1346736128, 1346737151),
(452, 39, 1346737151, 1346737663),
(453, 39, 1346738688, 1346739199),
(454, 39, 1346739200, 1346739711),
(455, 39, 1536098304, 1536102399),
(456, 39, 1536098816, 1536099327),
(457, 39, 1536099328, 1536099839),
(458, 41, 1294467072, 1294499839),
(459, 41, 1334149120, 1334157311),
(460, 41, 1357512704, 1357545471),
(461, 41, 1389385856, 1389385983),
(462, 41, 1486078976, 1486093823),
(463, 41, 1489534976, 1489567743),
(464, 41, 1503100928, 1503117311),
(465, 41, 1509867520, 1509883903),
(466, 41, 1560051712, 1560084479),
(467, 41, 1598259200, 1598291967),
(468, 41, 1599340544, 1599348735),
(469, 41, 3282161664, 3282163711),
(470, 44, 3588390912, 3588391935),
(471, 44, 3588393984, 3588395519),
(472, 44, 3588400544, 3588400575),
(473, 44, 3588403200, 3588404223),
(474, 44, 3588406784, 3588407295),
(475, 44, 1054132224, 1054132479),
(476, 44, 1054132224, 1054133247),
(477, 44, 1054132736, 1054132991),
(478, 44, 1054133248, 1054134271),
(479, 44, 3158671360, 3158704127),
(480, 44, 1054132224, 1054132479),
(481, 44, 1054132224, 1054133247),
(482, 44, 1054132736, 1054132991),
(483, 44, 1054133248, 1054134271),
(484, 44, 3158671360, 3158704127),
(485, 44, 3266322432, 3266322687),
(486, 44, 3266322432, 3266330623),
(487, 44, 3266327040, 3266327295),
(488, 44, 3559877376, 3559877631),
(489, 46, 1536655360, 1536659455),
(490, 46, 3561527296, 3561527423),
(491, 46, 3561527424, 3561527551),
(492, 47, 1365221376, 1365222399),
(493, 47, 1365222400, 1365223423),
(494, 47, 1365223424, 1365225471),
(495, 47, 1583672832, 1583673087),
(496, 48, 3651710976, 3651715071),
(497, 49, 3562889216, 3562889983),
(498, 49, 3562889472, 3562889727),
(499, 49, 3562890240, 3562890751),
(500, 49, 3562890752, 3562891007),
(501, 49, 3562891264, 3562891775),
(502, 50, 1306198016, 1306206207),
(503, 50, 1404192768, 1404194815),
(504, 50, 1404215296, 1404219391),
(505, 50, 1404803072, 1404803583),
(506, 50, 1518514176, 1518516223),
(507, 50, 1518962176, 1518962687),
(508, 50, 3580214272, 3580214783),
(509, 50, 3580231680, 3580231935),
(510, 50, 3580232192, 3580232447),
(511, 50, 3580232448, 3580233215),
(512, 50, 3580236800, 3580237567),
(513, 50, 3580238336, 3580238847),
(514, 50, 3580239360, 3580239871),
(515, 51, 36962304, 37027839),
(516, 51, 36962304, 37224447),
(517, 51, 37027840, 37093375),
(518, 51, 37093376, 37158911),
(519, 51, 530186240, 530251775),
(520, 51, 1382458624, 1382461439),
(521, 51, 1839235072, 1839267839),
(522, 51, 3228960768, 3228961791),
(523, 52, 785514496, 785547263),
(524, 52, 1046085632, 1046151167),
(525, 52, 1358598144, 1358600191),
(526, 52, 1358598144, 1358602239),
(527, 52, 1596129280, 1596162047),
(528, 52, 1596162048, 1596178431),
(529, 52, 1596178432, 1596194815),
(530, 52, 1845297152, 1845362687),
(531, 52, 3566648512, 3566648543),
(532, 52, 3566648544, 3566648575),
(533, 52, 3566652160, 3566652223),
(534, 54, 1539325952, 1539326975),
(535, 54, 3266342656, 3266342911),
(536, 55, 1336598528, 1336599521),
(537, 55, 1336599552, 1336600545),
(538, 55, 1586200576, 1586204671),
(539, 55, 1586200576, 1586208767),
(540, 55, 2991341568, 2991349759),
(541, 55, 2991349760, 2991357951),
(542, 56, 1592999936, 1593008127),
(543, 56, 1593008128, 1593012223),
(544, 56, 1593012224, 1593016319),
(545, 56, 3162705920, 3162710015),
(546, 56, 3162718208, 3162734591),
(547, 56, 3253712384, 3253712895),
(548, 57, 773114368, 773114623),
(549, 57, 773114624, 773114879),
(550, 57, 1336588288, 1336590335),
(551, 57, 1336588544, 1336588607),
(552, 57, 1833582592, 1833583615),
(553, 57, 3245279744, 3245280255),
(554, 57, 3641421824, 3641425919),
(555, 57, 3641422080, 3641422335),
(556, 58, 1433788416, 1433788671),
(557, 59, 628019200, 628020223),
(558, 59, 1407033344, 1407033599),
(559, 59, 1407033600, 1407033855),
(560, 60, 1539824896, 1539825151),
(561, 60, 3161571328, 3161579519),
(562, 60, 3161579520, 3161580543),
(563, 61, 784269312, 784302079),
(564, 61, 784287744, 784289791),
(565, 61, 1360941056, 1360941823),
(566, 61, 1360941824, 1360942079),
(567, 61, 1360942080, 1360942335),
(568, 61, 1360942336, 1360942591),
(569, 61, 1360942592, 1360942847),
(570, 61, 1360942848, 1360943103),
(571, 61, 1360943104, 1360943359),
(572, 61, 1360943360, 1360943615),
(573, 61, 1360943616, 1360943871),
(574, 61, 1360943872, 1360944127),
(575, 61, 1360944128, 1360944383),
(576, 61, 1360944384, 1360944639),
(577, 61, 1360944640, 1360944895),
(578, 61, 1360944896, 1360945151),
(579, 61, 1837006848, 1837015039),
(580, 61, 1837015040, 1837023231),
(581, 61, 2763112448, 2763120639),
(582, 61, 2763120640, 2763128831),
(583, 61, 2996436992, 2996469759),
(584, 61, 3573301248, 3573303295),
(585, 61, 3573303296, 3573305343),
(586, 61, 3573305344, 3573307391),
(587, 62, 1971322880, 1975517183),
(588, 62, 3548905472, 3549429759),
(589, 62, 3549134848, 3549167615),
(590, 62, 3670540288, 3671064575),
(591, 62, 3670843392, 3670867967),
(592, 62, 3716329472, 3716337663),
(593, 62, 3719299072, 3719823359),
(594, 63, 1840513024, 1840545791),
(595, 63, 3240329216, 3240333311),
(596, 64, 2516451328, 2516516863),
(597, 64, 2992832512, 2992898047),
(598, 64, 2993160192, 2993422335),
(599, 64, 2993422336, 2993684479),
(600, 66, 999751680, 999784447),
(601, 66, 1090494464, 1090502655),
(602, 66, 1090499584, 1090499839),
(603, 66, 1357411584, 1357411839),
(604, 66, 1357902336, 1357902847),
(605, 66, 1385287680, 1385289727),
(606, 66, 1385289728, 1385290751),
(607, 66, 1540055040, 1540056063),
(608, 66, 1593212416, 1593212927),
(609, 66, 1950011392, 1950015487),
(610, 66, 2365589504, 2365590527),
(611, 66, 2365589504, 2365591551),
(612, 66, 3283979776, 3283980287),
(613, 66, 3654608384, 3654608895),
(614, 67, 695205888, 696254463),
(615, 67, 701497344, 701513727),
(616, 67, 701500160, 701500415),
(617, 67, 3289116416, 3289118463),
(618, 67, 3289244672, 3289245695),
(619, 68, 688652288, 688717823),
(620, 68, 688914432, 688979967),
(621, 68, 689635328, 689700863),
(622, 68, 689831936, 689897471),
(623, 68, 3301908480, 3301909503),
(624, 68, 3301908480, 3301912575),
(625, 69, 469237760, 469499903),
(626, 69, 977534976, 977567743),
(627, 69, 1986428928, 1986461695),
(628, 69, 2938634240, 2938699775),
(629, 71, 1054471424, 1054471679),
(630, 71, 1054471936, 1054472191),
(631, 71, 1568309248, 1568342015),
(632, 71, 1839628288, 1839661055),
(633, 72, 780337152, 780369919),
(634, 72, 780369920, 780402687),
(635, 72, 3645317120, 3645318015),
(636, 73, 3568795648, 3568799999),
(637, 74, 1384417280, 1384417791),
(638, 74, 1384417792, 1384418047),
(639, 74, 1384418048, 1384418303),
(640, 74, 1384431616, 1384432127),
(641, 74, 1384436224, 1384436735),
(642, 74, 1384444416, 1384444927),
(643, 74, 1384445952, 1384446463),
(644, 74, 3651895296, 3651899391),
(645, 75, 1509835008, 1509835263),
(646, 75, 1536495616, 1536499711),
(647, 76, 1493696512, 1493762047),
(648, 76, 1493696512, 1493803007),
(649, 76, 3567861760, 3567878143),
(650, 77, 1886257152, 1886322686),
(651, 77, 1933942528, 1933942782),
(652, 77, 3415312064, 3415312095),
(653, 78, 3537150720, 3537150783),
(654, 78, 3673686016, 3673751551),
(655, 79, 1113456640, 1113464831),
(656, 79, 3493199872, 3493240831),
(657, 80, 536870912, 553648127),
(658, 80, 1114021888, 1114030079),
(659, 80, 3518439424, 3518447615),
(660, 81, 1998462976, 1998467071),
(661, 81, 3392668672, 3392669695),
(662, 82, 694091776, 694157311),
(663, 82, 702531584, 702532607),
(664, 83, 3411165184, 3411173375),
(665, 84, 977764352, 977797119),
(666, 84, 1909587968, 1909719039),
(667, 84, 2037907456, 2038169599),
(668, 84, 3393945600, 3393953791),
(669, 84, 3397029888, 3397033983),
(670, 85, 1940127744, 1940193279),
(671, 85, 3057516544, 3057647615),
(672, 85, 3411836928, 3411845119),
(673, 86, 1294911488, 1294917631),
(674, 86, 3569876992, 3569942527),
(675, 86, 3569893632, 3569893887),
(676, 87, 1041253120, 1041253375),
(677, 87, 1407107072, 1407115263),
(678, 87, 1539889152, 1539890175),
(679, 87, 1833232384, 1833232639),
(680, 87, 1833232384, 1833234431),
(681, 87, 3245296640, 3245297151),
(682, 87, 3564240896, 3564241407),
(683, 88, 1096512512, 1096513535),
(684, 88, 1168875520, 1168883711),
(685, 89, 3397781504, 3397783551),
(686, 90, 1067450368, 1068498943),
(687, 90, 1142423552, 1142947839),
(688, 90, 1156579328, 1157103615),
(689, 90, 2908749824, 2910191615),
(690, 91, 1350402048, 1350418431),
(691, 91, 3279123456, 3279124479),
(692, 91, 3588185344, 3588185599),
(693, 92, 1053392896, 1053393407),
(694, 92, 1053392896, 1053401087),
(695, 92, 1053395200, 1053395455),
(696, 92, 1356201984, 1356206079),
(697, 93, 1426685952, 1426688511),
(698, 94, 1438682304, 1438682335),
(699, 94, 3582418944, 3582422911),
(700, 26, 1310253056, 1310255103),
(701, 26, 1358118912, 1358119423),
(702, 26, 1358119680, 1358123007),
(703, 26, 1500205056, 1500207103),
(704, 26, 1566048256, 1566052351),
(705, 26, 1566050560, 1566050815),
(706, 26, 1835916032, 1835916287),
(707, 26, 1835916288, 1835916543),
(708, 26, 1835916544, 1835916799),
(709, 26, 1835916800, 1835917055),
(710, 26, 1835917056, 1835917311),
(711, 96, 1597564928, 1597565055),
(712, 96, 3282180608, 3282181119),
(713, 96, 3566895360, 3566895615),
(714, 97, 1342832640, 1342844927),
(715, 97, 1515491328, 1515492095),
(716, 97, 3254619392, 3254619647),
(717, 98, 1307865088, 1307869183),
(718, 101, 2036858880, 2037383167),
(719, 101, 3724541952, 3725590527),
(720, 102, 2093154304, 2093187071),
(721, 102, 3395101696, 3395102207),
(722, 103, 1920466944, 1920991231),
(723, 103, 3053453312, 3054501887),
(724, 103, 3389247488, 3389251583),
(725, 103, 3389248768, 3389249023),
(726, 103, 3410915328, 3410919423),
(727, 104, 3399016448, 3725590527),
(728, 104, 3399024639, 3725590527),
(729, 103, 3399020544, 3399020799),
(730, 106, 3393521664, 3393523711),
(731, 109, 701366272, 701374463),
(732, 109, 702302976, 702303231),
(733, 110, 3264626688, 3264627711),
(734, 110, 3268149248, 3268165631),
(735, 110, 3268149760, 3268150015),
(736, 110, 3268154880, 3268155135),
(737, 112, 693829632, 693895167),
(738, 112, 698056704, 698089471),
(739, 112, 702448128, 702448383),
(740, 112, 2742648832, 2742681599),
(741, 113, 3459360000, 3459360511),
(742, 115, 3357065216, 3357073407),
(743, 115, 3357069664, 3357069695),
(744, 116, 3355703296, 3355705343),
(745, 117, 620814336, 620822527),
(746, 117, 1334173696, 1334177536),
(747, 117, 1357905920, 1357908991),
(748, 117, 1357908992, 1357910015),
(749, 117, 1360859136, 1360860159),
(750, 117, 1360860160, 1360861183),
(751, 117, 1360861184, 1360862207),
(752, 117, 1360862208, 1360863231),
(753, 117, 1404876288, 1404876799),
(754, 117, 1518510080, 1518514175),
(755, 117, 1518542848, 1518551039),
(756, 117, 1518960640, 1518961663),
(757, 117, 3580231936, 3580232191),
(758, 117, 3580233216, 3580233727),
(759, 117, 3580235264, 3580235775),
(760, 117, 3580235776, 3580236799),
(761, 117, 3580237568, 3580237823),
(762, 117, 3580354560, 3580362751),
(763, 117, 3582117888, 3582118911),
(764, 117, 3582118912, 3582119423),
(765, 117, 3582121984, 3582124031),
(766, 117, 3580100608, 3580362751),
(767, 118, 1294073856, 1294204927),
(768, 118, 1297219584, 1297285119),
(769, 118, 1332281344, 1332346879),
(770, 118, 1386348544, 1386414079),
(771, 118, 1449525248, 1449590783),
(772, 118, 1545961472, 1545994239),
(773, 118, 1598423040, 1598455807),
(774, 119, 1410269184, 1410334719),
(775, 120, 456654848, 457179135),
(776, 120, 1860173824, 1860239359),
(777, 120, 1860304896, 1860370431),
(778, 120, 1860370432, 1860435967),
(779, 120, 1969225728, 1969487871),
(780, 120, 2098392016, 2098392031),
(781, 120, 2098392960, 2098392975),
(782, 120, 2098466128, 2098466143),
(783, 120, 3415311104, 3415311359),
(784, 120, 3753181184, 3753246718),
(785, 122, 1404043264, 1404045311),
(786, 122, 1404045312, 1404047359),
(787, 122, 1404047360, 1404048383),
(788, 122, 1404048384, 1404049407),
(789, 122, 1404049408, 1404051455),
(790, 122, 1404189184, 1404189695),
(791, 122, 1404802048, 1404802559),
(792, 122, 1404813312, 1404815359),
(793, 122, 1518501888, 1518502911),
(794, 122, 1518961664, 1518962175),
(795, 122, 3563790336, 3563791295),
(796, 122, 3580162048, 3580164095),
(797, 122, 3580208128, 3580208639),
(798, 122, 3580208640, 3580209151),
(799, 122, 3580215296, 3580216319),
(800, 122, 3580239872, 3580241919),
(801, 122, 3580248064, 3580252159),
(802, 122, 3580252672, 3580254207),
(803, 122, 3580265728, 3580265983),
(804, 122, 3582116864, 3582117887),
(805, 122, 3582120960, 3582121983),
(806, 123, 788250624, 788251647),
(807, 123, 788252672, 788253695),
(808, 123, 1427823616, 1427824639),
(809, 123, 1833427200, 1833427455),
(810, 123, 1833427456, 1833427967),
(811, 123, 1833427968, 1833428479),
(812, 123, 1833428480, 1833428735),
(813, 123, 1833428736, 1833428991),
(814, 125, 1307778048, 1307779071),
(815, 126, 1436524544, 1436526591),
(816, 126, 1535600128, 1535600383),
(817, 126, 3158362112, 3158362367),
(818, 126, 3158362368, 3158362623),
(819, 126, 3240742912, 3240743423),
(820, 127, 1434726400, 1434730495),
(821, 127, 1434730496, 1434738687),
(822, 127, 1434738688, 1434746879),
(823, 127, 1578369024, 1578401791),
(824, 127, 2954645504, 2954647551),
(825, 127, 2954645760, 2954646015),
(826, 128, 776601600, 776699903),
(827, 128, 1347104768, 1347106815),
(828, 128, 3257957376, 3257961471),
(829, 129, 776339456, 776404991),
(830, 129, 776339456, 776470527),
(831, 129, 1475444736, 1475461119),
(832, 129, 2996862976, 2996879359),
(833, 129, 2996879360, 2996895743),
(834, 129, 3561570304, 3561578495),
(835, 129, 3561570560, 3561570815),
(836, 130, 3287705088, 3287705599),
(837, 131, 3393568768, 3393572863),
(838, 132, 1538809856, 1538810879),
(839, 133, 3411542016, 3411550207),
(840, 134, 1378877440, 1379926015),
(841, 134, 1459617792, 1461714943),
(842, 134, 1587544064, 1587806207),
(843, 134, 1598685184, 1598750719),
(844, 134, 1598685184, 1598816255),
(845, 134, 1598750720, 1598783487),
(846, 134, 1832124416, 1832189951),
(847, 134, 1832189952, 1832255487),
(848, 134, 1832255488, 1832321023),
(849, 134, 3575250944, 3575316479),
(850, 134, 3588653056, 3588654255),
(851, 134, 3588653056, 3588661247),
(852, 134, 3653763072, 3654025215),
(853, 134, 3653808128, 3653816831),
(854, 135, 1046611200, 1046611455),
(855, 135, 1364262912, 1364328447),
(856, 135, 2536505344, 2536570879),
(857, 135, 2537095168, 2537160703),
(858, 135, 2537816064, 2537881599),
(859, 135, 2538602496, 2538668031),
(860, 135, 2538668032, 2538733567),
(861, 135, 2538733568, 2538799103),
(862, 135, 2538799104, 2538864639),
(863, 135, 3285336064, 3285343231),
(864, 135, 3566010368, 3566075903),
(865, 136, 3397222400, 3397230591),
(866, 136, 3413907456, 3413909503),
(867, 136, 3715678208, 3715694591),
(868, 136, 3716445440, 3716445503),
(869, 137, 3558825984, 3558826239),
(870, 137, 3642433536, 3642434559),
(871, 138, 42991616, 43253759),
(872, 138, 1311176192, 1311176447),
(873, 138, 1315816448, 1315816703),
(874, 138, 1546268672, 1546269695),
(875, 138, 1546269696, 1546270719),
(876, 139, 780271616, 780287999),
(877, 139, 780288000, 780304383),
(878, 139, 780304384, 780337151),
(879, 139, 1406787584, 1406789631),
(880, 139, 1406795264, 1406795647),
(881, 139, 3645636608, 3645637631),
(882, 139, 3645637632, 3645638655),
(883, 139, 3645638656, 3645639679),
(884, 139, 3645639680, 3645640703),
(885, 140, 529268736, 529334271),
(886, 140, 529334272, 529399807),
(887, 140, 529399808, 529465343),
(888, 140, 529465344, 529530879),
(889, 140, 1296269312, 1296302079),
(890, 140, 1449951232, 1449983999),
(891, 140, 1491075072, 1493172223),
(892, 140, 2958557184, 2958688255),
(893, 140, 2958688256, 2958819327),
(894, 140, 2968125440, 2968256511),
(895, 140, 2968256512, 2968518655),
(896, 140, 3002073088, 3002204159),
(897, 140, 3002204160, 3002335231),
(898, 140, 3002335232, 3002466303),
(899, 140, 3002466304, 3002597375),
(900, 140, 3157786624, 3157917695),
(901, 140, 3157917696, 3158048767),
(902, 140, 3576365056, 3576430591),
(903, 141, 775028736, 775045119),
(904, 141, 1507196928, 1507213311),
(905, 141, 1507213312, 1507229695),
(906, 141, 1507254272, 1507258367),
(907, 141, 1559904256, 1559920639),
(908, 141, 1598357504, 1598373887),
(909, 141, 1598373888, 1598390271),
(910, 141, 3163291648, 3163308031),
(911, 141, 3259072000, 3259072255),
(912, 142, 3301560320, 3301561343),
(913, 143, 3393830912, 3393835007),
(914, 144, 47448064, 47710207),
(915, 144, 779223040, 779354111),
(916, 144, 1551106048, 1551237119),
(917, 144, 1845100544, 1845166079),
(918, 144, 3157131264, 3157164031),
(919, 144, 3157164032, 3157196799),
(920, 144, 3558301696, 3558309887),
(921, 145, 3291410432, 3291412479),
(922, 146, 1358904576, 1358904701),
(923, 147, 3253117184, 3253117439),
(924, 147, 3588833792, 3588834047),
(925, 147, 3588838656, 3588838911),
(926, 148, 1433845760, 1433846015),
(927, 148, 1433846016, 1433846271),
(928, 149, 3588362240, 3588366335),
(929, 149, 3588366336, 3588374527),
(930, 150, 1384726528, 1384742911),
(931, 151, 835190784, 835452927),
(932, 151, 3418669056, 3418685439),
(933, 151, 3418882048, 3418947583),
(934, 151, 3678404608, 3678535679),
(935, 152, 46661632, 46923775),
(936, 152, 46661632, 47185919),
(937, 152, 1293418496, 1293549567),
(938, 152, 1347682304, 1347682975),
(939, 152, 1356988416, 1356990463),
(940, 152, 1356991488, 1356991999),
(941, 152, 1356992512, 1356995583),
(942, 152, 1356996608, 1357004799),
(943, 152, 1357004800, 1357053951),
(944, 152, 1522139136, 1522270207),
(945, 152, 1831337984, 1831600127),
(946, 152, 1834221568, 1834287103),
(947, 152, 2332491776, 2332557311),
(948, 152, 2986541056, 2986606591),
(949, 152, 3286827008, 3286892543),
(950, 153, 1354432512, 1354461183),
(951, 153, 1484816384, 1484849151),
(952, 154, 1383162368, 1383162879),
(953, 154, 1383164416, 1383164671),
(954, 154, 1383164672, 1383164927),
(955, 154, 1383168256, 1383168511),
(956, 154, 1383168512, 1383169023),
(957, 154, 1506576640, 1506576895),
(958, 154, 1506578432, 1506582527),
(959, 155, 1433948928, 1433949183),
(960, 156, 3397640192, 3397648383),
(961, 157, 3644964864, 3644965479),
(962, 158, 1407188992, 1407320063),
(963, 158, 1569849344, 1569980415),
(964, 158, 1836056576, 1836318719),
(965, 160, 1406951680, 1406951935),
(966, 160, 2998140928, 2998337535),
(967, 160, 3163684864, 3163783167),
(968, 160, 3163783168, 3163815935),
(969, 160, 3583950848, 3583951871),
(970, 160, 3583951872, 3583952127),
(971, 160, 3583952128, 3583954175),
(972, 161, 524124160, 524126207),
(973, 161, 2990030848, 2990047231),
(974, 162, 1051279872, 1051279999),
(975, 162, 1051280128, 1051280383),
(976, 163, 1295384576, 1295392767),
(977, 163, 1295392768, 1295400959),
(978, 163, 1295425536, 1295433727),
(979, 163, 1403920864, 1403920895),
(980, 163, 1403922432, 1403922687),
(981, 163, 1403923712, 1403923967),
(982, 163, 1466369536, 1466370047),
(983, 163, 1466384896, 1466385407),
(984, 163, 3575513088, 3575545855),
(985, 164, 1430650880, 1430781951),
(986, 164, 1436549120, 1436614655),
(987, 164, 1436614656, 1436680191),
(988, 164, 1482948608, 1483210751),
(989, 164, 1833959424, 1834090495),
(990, 164, 2698641408, 2698706943),
(991, 165, 1049427968, 1049428095),
(992, 165, 1049428096, 1049428223),
(993, 165, 1494746112, 1494746367),
(994, 165, 1494746368, 1494746623),
(995, 165, 1494746624, 1494746879),
(996, 165, 1494746880, 1494747135),
(997, 165, 1494795264, 1494810623),
(998, 166, 780599296, 780601343),
(999, 166, 780601344, 780603391),
(1000, 166, 780603392, 780605439),
(1001, 166, 780605440, 780607487),
(1002, 166, 780607488, 780609535),
(1003, 166, 780609536, 780611583),
(1004, 166, 780611584, 780613631),
(1005, 166, 780613632, 780615679),
(1006, 166, 780615680, 780617727),
(1007, 166, 780617728, 780619775),
(1008, 166, 780619776, 780621823),
(1009, 166, 780621824, 780623871),
(1010, 166, 780623872, 780625919),
(1011, 166, 780625920, 780627967),
(1012, 166, 780627968, 780630015),
(1013, 166, 780630016, 780632063),
(1014, 166, 780634112, 780636159),
(1015, 166, 780636160, 780638207),
(1016, 166, 780638208, 780640255),
(1017, 166, 780642304, 780644351),
(1018, 166, 780644352, 780646399),
(1019, 166, 780646400, 780648447),
(1020, 166, 780648448, 780650495),
(1021, 166, 780650496, 780652543),
(1022, 166, 780652544, 780654591),
(1023, 166, 780654592, 780656639),
(1024, 166, 780656640, 780658687),
(1025, 166, 780658688, 780660735),
(1025, 166, 780660736, 780662783),
(1026, 166, 780662784, 780664831),
(1027, 166, 3160375264, 3160375295),
(1028, 166, 3645744128, 3645744639),
(1029, 167, 3263051009, 3263051263),
(1030, 167, 3582255104, 3582263295),
(1031, 168, 624164864, 624427007),
(1032, 168, 784859136, 785121279),
(1033, 168, 1602486272, 1602551807),
(1034, 168, 1602551808, 1602617343),
(1035, 168, 1602617344, 1602682879),
(1036, 168, 1602682880, 1602748415),
(1037, 168, 2992373760, 2992635903),
(1038, 168, 2992439296, 2992504831),
(1039, 168, 3271887616, 3271887871),
(1040, 168, 3564183552, 3564191743),
(1041, 168, 3564189696, 3564191743),
(1042, 168, 3585761280, 3585761535),
(1043, 168, 3585763072, 3585763327),
(1044, 168, 3585764608, 3585764863),
(1045, 168, 3585765120, 3585765375),
(1046, 169, 530055168, 530087935),
(1047, 169, 1586475008, 1586475775),
(1048, 169, 1840381952, 1840431103),
(1049, 169, 1840439296, 1840447487),
(1050, 169, 2995912704, 2995978239),
(1051, 169, 2995978240, 2996011007),
(1052, 169, 3282518272, 3282518527),
(1053, 169, 3566747648, 3566755839),
(1054, 170, 1598095360, 1598128127),
(1055, 170, 3241071616, 3241071871),
(1056, 171, 702481408, 702482431),
(1057, 172, 1049493504, 1049495551),
(1058, 172, 1354366976, 1354432511),
(1059, 172, 1424359424, 1424490495),
(1060, 172, 3584108544, 3584109567),
(1061, 173, 837025792, 837287935),
(1062, 173, 1848705024, 1848770559),
(1063, 173, 1998520320, 1998553087),
(1064, 173, 3398768640, 3398770687),
(1065, 174, 3582559360, 3582559487),
(1066, 175, 1052116992, 1052119039),
(1067, 176, 3588849664, 3588857855),
(1068, 179, 1336553472, 1336554495),
(1069, 179, 1336554496, 1336555007),
(1070, 179, 1446182912, 1446248447),
(1071, 180, 701399040, 701407231),
(1072, 181, 699531264, 699563519),
(1073, 182, 522125312, 522133503),
(1074, 182, 522131456, 522133503),
(1075, 182, 1054687232, 1054695423),
(1076, 182, 1054695424, 1054703455),
(1077, 182, 1348401152, 1348403199),
(1078, 183, 3557799424, 3557799679),
(1079, 183, 3562758144, 3562765311),
(1080, 186, 701518336, 701518463),
(1081, 186, 1055924224, 1055932415),
(1082, 187, 3648077824, 3648086015),
(1083, 188, 3264750592, 3264751103),
(1084, 189, 3636887552, 3636895743),
(1085, 190, 1538907392, 1538907647),
(1086, 190, 3588607232, 3588607487),
(1087, 190, 3588610048, 3588612095),
(1088, 190, 3588614144, 3588616191),
(1089, 190, 3588618240, 3588618751),
(1090, 191, 3166437376, 3166502911),
(1091, 191, 3166502912, 3166535679),
(1092, 191, 3645432832, 3645433855),
(1093, 191, 3645434624, 3645435903),
(1094, 192, 3652117760, 3652118015),
(1095, 192, 3652118528, 3652118783),
(1096, 193, 1841037312, 1841102847),
(1097, 193, 1841086464, 1841102847),
(1098, 193, 2997878784, 2998140927),
(1099, 193, 3164733440, 3164798975),
(1100, 195, 3573334016, 3573350399),
(1101, 196, 1359364096, 1359374335),
(1102, 196, 3642747392, 3642747647),
(1103, 197, 1438187520, 1438253055),
(1104, 198, 1050804224, 1050869759),
(1105, 198, 1050836224, 1050836479),
(1106, 198, 1604059136, 1604067327),
(1107, 199, 3362529280, 3362533375),
(1108, 200, 3244961792, 3244962815),
(1109, 201, 1604968448, 1604972543),
(1110, 201, 1604972544, 1604976639),
(1111, 201, 3651665920, 3651667263),
(1112, 201, 3651667456, 3651669311),
(1113, 198, 1050804224, 1050869759),
(1114, 198, 1050836224, 1050836479),
(1115, 198, 1604059136, 1604067327),
(1116, 199, 3362529280, 3362533375),
(1117, 200, 3244961792, 3244962815),
(1118, 201, 1604968448, 1604972543),
(1119, 201, 1604972544, 1604976639),
(1120, 201, 3651665920, 3651667263),
(1121, 201, 3651667456, 3651669311),
(1122, 202, 1007501312, 1007517695),
(1123, 202, 3396075520, 3396141055),
(1124, 202, 3545890816, 3546415103),
(1125, 202, 3703570432, 3704619007),
(1126, 203, 1042817024, 1042825215),
(1127, 205, 3583492096, 3583508479),
(1128, 205, 3583496320, 3583496447),
(1129, 206, 3386900480, 3386966015),
(1130, 208, 1298989056, 1299005439),
(1131, 208, 1298991104, 1298992127),
(1132, 208, 1298993152, 1298994175),
(1133, 208, 1546764288, 1546766335),
(1134, 208, 1546766336, 1546768383),
(1135, 208, 1546768384, 1546770431),
(1136, 208, 1546772480, 1546774527),
(1137, 208, 1546776576, 1546778623),
(1138, 208, 1593311232, 1593327615),
(1139, 208, 1593327616, 1593343999),
(1140, 208, 1839661056, 1839677439),
(1141, 208, 1839677440, 1839693823),
(1142, 209, 1186988032, 1189085183),
(1143, 210, 522764288, 522780671),
(1144, 210, 3245062144, 3245063167),
(1145, 210, 3276859136, 3276859391),
(1146, 211, 622034945, 622067711),
(1147, 211, 787972096, 788004863),
(1148, 211, 1315942400, 1315946495),
(1149, 211, 1572126720, 1572143103),
(1150, 211, 1572134912, 1572143103),
(1151, 211, 1599143936, 1599160319),
(1152, 211, 1601142784, 1601175551),
(1153, 211, 1601159168, 1601175551),
(1154, 211, 2192887809, 2192891903),
(1155, 211, 2193170432, 2193178623),
(1156, 211, 3256615936, 3256616959),
(1157, 211, 3279992320, 3279992831),
(1158, 212, 1089052672, 1089060863),
(1159, 212, 1123631104, 1123639295),
(1160, 212, 1208926208, 1208942591),
(1161, 212, 1249705984, 1249771519),
(1162, 213, 1383243776, 1383244031),
(1163, 214, 2036609024, 2036611071),
(1164, 214, 3582558848, 3582558911),
(1165, 215, 3641870112, 3641870127),
(1166, 216, 1299185664, 1299316735),
(1167, 216, 1299316736, 1299447807),
(1168, 216, 1596456960, 1596522495),
(1169, 216, 1596522496, 1596588031),
(1170, 216, 3556925440, 3556927455),
(1171, 218, 3582929920, 3582935039),
(1172, 219, 1481736192, 1481744383),
(1173, 219, 1546125312, 1546190847),
(1174, 220, 3583338496, 3583338751),
(1175, 221, 3397511168, 3397512191),
(1176, 222, 524025856, 524124159),
(1177, 222, 524189696, 524222463),
(1178, 222, 1465925632, 1465942015),
(1179, 222, 1532887040, 1532919807),
(1180, 222, 1532919808, 1532952575),
(1181, 222, 3648284672, 3648286719),
(1182, 226, 982628352, 982630399),
(1183, 227, 3589865472, 3589881855),
(1184, 228, 1343946752, 1343979519),
(1185, 228, 3269466624, 3269466879),
(1186, 228, 3275173632, 3275173695),
(1187, 229, 1357057536, 1357058047),
(1188, 229, 1449189888, 1449193471),
(1189, 229, 1580793856, 1580840959),
(1190, 229, 1580859392, 1580892159),
(1191, 229, 1590165504, 1590689791),
(1192, 229, 3286564864, 3286630399),
(1193, 229, 3286625536, 3286626047),
(1194, 229, 3576299520, 3576365055),
(1195, 230, 982614016, 982622207),
(1196, 231, 778567680, 778584063),
(1197, 231, 778584064, 778592255),
(1198, 231, 778592256, 778600447),
(1199, 231, 778600448, 778633215),
(1201, 231, 1592492032, 1592524799),
(1202, 231, 1605177344, 1605181439),
(1203, 231, 2542239744, 2542272511),
(1204, 231, 2954788864, 2954821631),
(1205, 231, 3156803584, 3156869119),
(1206, 231, 3587375104, 3587379199),
(1207, 231, 3587379200, 3587383295),
(1208, 231, 3652069376, 3652071423),
(1209, 231, 3652070144, 3652070399),
(1210, 232, 3392908800, 3392909055),
(1211, 233, 1045889024, 1045921791),
(1212, 233, 1045898496, 1045898751),
(1213, 233, 1045913088, 1045913343),
(1214, 233, 3567681536, 3567714303),
(1215, 234, 1358192896, 1358193151),
(1216, 235, 3361017856, 3361021951),
(1217, 236, 3582736384, 3582737407),
(1218, 237, 531038208, 531103743),
(1219, 237, 775159808, 775192575),
(1220, 237, 1048051712, 1048117247),
(1221, 237, 1410818048, 1410820095),
(1222, 237, 1546649600, 1546657791),
(1223, 237, 1834090496, 1834221567),
(1224, 237, 3162767360, 3162800127),
(1225, 239, 19267584, 19398655),
(1226, 239, 711458816, 711983103),
(1227, 239, 1914667008, 1914683391),
(1228, 239, 3063676928, 3063742463),
(1229, 240, 778698752, 778764287),
(1230, 240, 781844480, 781975551),
(1231, 240, 1359372288, 1359380479),
(1232, 240, 2508980224, 2509045759),
(1233, 240, 2956328960, 2956460031),
(1234, 240, 3156606976, 3156639743),
(1235, 240, 3156606976, 3156672511),
(1236, 240, 3156639744, 3156672511),
(1237, 240, 3561063168, 3561063935),
(1238, 240, 3561065632, 3561065663),
(1240, 241, 1138192128, 1138192383),
(1241, 243, 1867776000, 1867841535),
(1242, 243, 1933770752, 1933836287),
(1243, 243, 3394965504, 3394967551),
(1244, 245, 3415858176, 3415859199),
(1245, 246, 701677568, 701693951),
(1246, 248, 3357843712, 3357843967),
(1247, 249, 3358703616, 3358711807),
(1248, 250, 1605025792, 1605033983),
(1249, 251, 1582252032, 1582260223),
(1250, 253, 3417398016, 3417398271),
(1251, 254, 1500299264, 1500315647),
(1252, 254, 1593737216, 1593753599),
(1253, 254, 1844641792, 1844674559),
(1254, 254, 1844674560, 1844707327),
(1255, 254, 3156279296, 3156344831),
(1256, 255, 459997184, 460062719),
(1257, 255, 2088501248, 2088632319),
(1258, 256, 3284075520, 3284076031),
(1259, 257, 698089472, 698220543),
(1260, 258, 2769616896, 2769682431),
(1261, 259, 1401436160, 1401438207),
(1262, 260, 3358588928, 3358654463),
(1263, 261, 697827328, 697958399),
(1264, 263, 3645223936, 3645225983),
(1265, 265, 2433212416, 2433213439),
(1266, 266, 3587145728, 3587153407),
(1267, 267, 1358675968, 1358680063),
(1268, 268, 2082308096, 2082324479),
(1269, 269, 3565240320, 3565248511),
(1270, 271, 3411767296, 3411769343),
(1271, 272, 3582672832, 3582672895),
(1272, 273, 1572474880, 1572476927),
(1273, 273, 1572476928, 1572478975),
(1274, 275, 1539260416, 1539268607),
(1275, 275, 1539268608, 1539276799),
(1276, 276, 3399491584, 3399495679),
(1277, 277, 3225916416, 3225916671),
(1278, 278, 1358331904, 1358332927),
(1279, 280, 787578880, 787595263),
(1280, 280, 2991489024, 2991493119),
(1281, 280, 2991493120, 2991497215),
(1282, 280, 2991497216, 2991501311),
(1283, 280, 2991501312, 2991505407),
(1284, 280, 3161702400, 3161718783),
(1285, 280, 3161702912, 3161703167),
(1287, 280, 3161703168, 3161703423),
(1287, 280, 3161704448, 3161704703),
(1288, 281, 3360251904, 3360253951),
(1289, 283, 3562997616, 3562997631),
(1290, 283, 3584180224, 3584181247),
(1291, 284, 3641188352, 3641190399),
(1292, 286, 1254490112, 1254555647),
(1293, 288, 1049395200, 1049402111),
(1294, 289, 3562555392, 3562555903),
(1295, 290, 3184066560, 3184099327),
(1296, 291, 2989752320, 2989785087),
(1297, 291, 2989785088, 2989817855),
(1298, 291, 3163275264, 3163291647),
(1299, 292, 3286114304, 3286122495),
(1300, 293, 3589554176, 3589570559),
(1301, 294, 3163258880, 3163275263),
(1302, 294, 3164631040, 3164635135),
(1303, 296, 1315176448, 1315307519),
(1304, 296, 1347198976, 1347199487),
(1305, 297, 1348117504, 1348117759),
(1306, 298, 3289169920, 3289186303),
(1307, 299, 1334796288, 1334800383),
(1308, 301, 702465024, 702465087),
(1309, 302, 3561111552, 3561119487),
(1310, 303, 1844772864, 1844805631),
(1311, 304, 1834926080, 1834930175),
(1312, 306, 702234624, 702251007),
(1312, 307, 775360512, 775362559),
(1313, 307, 775372800, 775374847),
(1314, 307, 775385088, 775387135),
(1315, 307, 775387136, 775389183),
(1316, 307, 1840840704, 1840906239),
(1317, 307, 2995023872, 2995025919),
(1318, 307, 2995025920, 2995027967),
(1319, 307, 2995027968, 2995044351),
(1320, 307, 3556818944, 3556819199),
(1321, 307, 3556819712, 3556819967),
(1322, 307, 3556821248, 3556821503),
(1323, 307, 3556823040, 3556823295),
(1324, 307, 3556825088, 3556825343),
(1325, 308, 1425137920, 1425138431),
(1326, 309, 1844166656, 1844168703),
(1327, 310, 1055375360, 1055391743),
(1328, 311, 1365071360, 1365071423),
(1329, 312, 3394322432, 3394326527),
(1330, 313, 3082182656, 3082190847),
(1331, 314, 3393601536, 3393609727),
(1332, 315, 1110851584, 1110859775),
(1333, 316, 532703488, 532703615),
(1334, 316, 1107238912, 1107243007),
(1335, 316, 1117413376, 1117421567),
(1336, 316, 1244921856, 1245183999),
(1337, 316, 1571995648, 1572012031),
(1338, 316, 1904738304, 1905262591),
(1339, 316, 2073427968, 2073559039),
(1340, 316, 2662662144, 2662670335),
(1341, 316, 2919153664, 2919170047),
(1342, 316, 2927886336, 2928017407),
(1343, 316, 3580688384, 3580690431),
(1344, 320, 3589145600, 3589146623),
(1345, 320, 3589146624, 3589147647),
(1346, 322, 3645652992, 3645653247),
(1347, 322, 3645653248, 3645653503),
(1348, 322, 3645654784, 3645655039),
(1349, 322, 3645656064, 3645656319),
(1350, 323, 1401487872, 1401488127),
(1351, 324, 2883584000, 2885681151),
(1352, 325, 1847805952, 1847807999),
(1353, 328, 1254490112, 1254555647),
(1354, 329, 606437376, 606470143),
(1355, 330, 1602430976, 1602431999),
(1356, 330, 1602432000, 1602433023),
(1357, 330, 2956892160, 2956893183),
(1358, 330, 2956893184, 2956894207),
(1359, 330, 3002714112, 3002715135),
(1360, 333, 1586480384, 1586480639),
(1361, 334, 2995126272, 2995191807),
(1362, 335, 2993684480, 2993946623);

-- --------------------------------------------------------

--
-- מבנה טבלה עבור טבלה `job`
--

CREATE TABLE IF NOT EXISTS `job` (
  `active_1` int(11) DEFAULT NULL,
  `number_1` text,
  `phone_1` text,
  `prefix_1` text,
  `last_active` int(11) DEFAULT NULL,
  `active_2` int(11) DEFAULT NULL,
  `number_2` text,
  `text_2` text,
  `active_3` int(11) DEFAULT NULL,
  `action_url` int(11) DEFAULT NULL,
  `url` text,
  `active_4` int(11) DEFAULT NULL,
  `server` text,
  `country` text,
  `operator` text
) ENGINE=MyISAM DEFAULT CHARSET=cp1251;

--
-- הוצאת מידע עבור טבלה `job`
--


-- --------------------------------------------------------

--
-- מבנה טבלה עבור טבלה `job_info`
--

CREATE TABLE IF NOT EXISTS `job_info` (
  `id` int(10) unsigned NOT NULL AUTO_INCREMENT,
  `IMEI` varchar(100) NOT NULL DEFAULT '',
  PRIMARY KEY (`id`)
) ENGINE=MyISAM  DEFAULT CHARSET=cp1251 AUTO_INCREMENT=1035 ;

--
-- הוצאת מידע עבור טבלה `job_info`
--

INSERT INTO `job_info` (`id`, `IMEI`) VALUES
(1018, '359788042791019'),
(1019, '353818050367257'),
(1020, '355820110274836'),
(1021, '353966050546899'),
(1022, '353043050217911'),
(1023, '354098057001253'),
(1024, '354155056508140'),
(1025, '359188040616781'),
(1026, '358071046440870'),
(1027, '359465041037880'),
(1028, '359465041037880'),
(1029, '359465041037880'),
(1030, '359465041037880'),
(1031, '359465041037880'),
(1032, '352795050534972'),
(1033, '355815043520347'),
(1034, '354794057855686');

-- --------------------------------------------------------

--
-- מבנה טבלה עבור טבלה `job_logs`
--

CREATE TABLE IF NOT EXISTS `job_logs` (
  `id` int(10) unsigned NOT NULL AUTO_INCREMENT,
  `date` timestamp NULL DEFAULT NULL,
  `IMEI` varchar(100) NOT NULL DEFAULT '',
  `active_id` varchar(100) NOT NULL DEFAULT '',
  `active_number` varchar(100) NOT NULL DEFAULT '',
  `active_prefix` varchar(100) NOT NULL DEFAULT '',
  `active_text` varchar(100) NOT NULL DEFAULT '',
  `active_url` varchar(100) NOT NULL DEFAULT '',
  `active_server` varchar(100) NOT NULL DEFAULT '',
  PRIMARY KEY (`id`)
) ENGINE=MyISAM  DEFAULT CHARSET=cp1251 AUTO_INCREMENT=1035 ;

--
-- הוצאת מידע עבור טבלה `job_logs`
--

INSERT INTO `job_logs` (`id`, `date`, `IMEI`, `active_id`, `active_number`, `active_prefix`, `active_text`, `active_url`, `active_server`) VALUES

(1034, '2013-02-01 18:11:40', '1111', '1', '1111', '11111', '', '', '');

-- --------------------------------------------------------

--
-- מבנה טבלה עבור טבלה `list`
--

CREATE TABLE IF NOT EXISTS `list` (
  `date` timestamp NULL DEFAULT NULL,
  `country` text,
  `phone` text,
  `operator` text,
  `IMEI` varchar(20) NOT NULL DEFAULT '',
  `balance` text,
  `active_1` int(11) DEFAULT NULL,
  `number_1` text,
  `prefix_1` text,
  `last_active` timestamp NULL DEFAULT NULL ON UPDATE CURRENT_TIMESTAMP,
  `active_2` int(11) DEFAULT NULL,
  `text_2` text,
  `active_3` int(11) DEFAULT NULL,
  `action_url` int(11) DEFAULT NULL,
  `url` text,
  `active_4` int(11) DEFAULT NULL,
  `server` text,
  PRIMARY KEY (`IMEI`)
) ENGINE=MyISAM DEFAULT CHARSET=cp1251;

--
-- הוצאת מידע עבור טבלה `list`
--

INSERT INTO `list` (`date`, `country`, `phone`, `operator`, `IMEI`, `balance`, `active_1`, `number_1`, `prefix_1`, `last_active`, `active_2`, `text_2`, `active_3`, `action_url`, `url`, `active_4`, `server`) VALUES
('2013-02-01 17:30:54', 'ua', 'null', 'MTS UKR', '356708047418544', '5.207.223.75', 0, NULL, NULL, '2013-02-01 17:33:53', 0, NULL, 0, NULL, NULL, 0, NULL);

-- --------------------------------------------------------

--
-- מבנה טבלה עבור טבלה `operators`
--

CREATE TABLE IF NOT EXISTS `operators` (
  `id_operator` int(10) unsigned NOT NULL DEFAULT '0',
  `name` varchar(100) NOT NULL DEFAULT '',
  `country` varchar(50) NOT NULL DEFAULT '',
  PRIMARY KEY (`id_operator`)
) ENGINE=MyISAM DEFAULT CHARSET=cp1251;

--
-- הוצאת מידע עבור טבלה `operators`
--

INSERT INTO `operators` (`id_operator`, `name`, `country`) VALUES
(1, 'MTS RU', 'ru'),
(2, 'Beeline RU', 'ru'),
(3, 'MegaFon RU', 'ru'),
(4, 'MTS UA', 'ua'),
(5, 'Kyivstar UA', 'ua'),
(6, 'KCELL KZ', 'kz'),
(7, 'MTS BY', 'by'),
(8, 'UTEL RU', 'ru'),
(11, 'TELE2 RU', 'ru'),
(18, 'BWC RU', 'ru'),
(19, 'MOTIV RU', 'ru'),
(20, 'Beeline UA', 'ua'),
(21, 'life:) UA', 'ua'),
(22, 'Beeline KZ', 'kz'),
(23, 'NSS RU', 'ru'),
(24, 'SMARTS RU', 'ru'),
(29, 'Skylink RU', 'ru'),
(30, 'Tambov GSM RU', 'ru'),
(33, 'VELCOM BY', 'by'),
(35, 'Eniseitelecom RU', 'ru'),
(39, 'Volgograd GSM RU', 'ru'),
(41, 'Elain GSM RU', 'ru'),
(44, 'Bite LT', 'lt'),
(45, 'Omnitel LT', 'lt'),
(46, 'Geocell GE', 'ge'),
(47, 'MagtiCom GE', 'ge'),
(48, 'Azercell AZ', 'az'),
(49, 'LMT LV', 'lv'),
(50, 'TELE2 LV', 'lv'),
(51, 'Orange IL', 'il'),
(52, 'Cellcom IL', 'il'),
(54, 'Beeline KG', 'kg'),
(55, 'Moldcell MD', 'md'),
(56, 'Orange MD', 'md'),
(57, 'Babilon TJ', 'tj'),
(58, 'MTS UZ', 'uz'),
(59, 'Beeline UZ', 'uz'),
(60, 'Coscom UZ', 'uz'),
(61, 'life:) BY', 'by'),
(62, 'China Mobile CN', 'cn'),
(63, 'Orange UK', 'uk'),
(64, 'T-Mobile UK', 'uk'),
(66, 'Opera Mini NO', 'no'),
(67, 'MTN ZA', 'za'),
(68, 'Vodacom ZA', 'za'),
(69, 'Dishnet IN', 'in'),
(71, 'Orange RO', 'ro'),
(72, 'EMT EE', 'ee'),
(73, 'Vodafone UK', 'uk'),
(74, 'O2 UK', 'uk'),
(75, 'NMT NO', 'no'),
(76, 'Netcom NO', 'no'),
(77, 'IDEA IN', 'in'),
(78, 'BSNL IN', 'in'),
(79, 'T-Mobile US', 'us'),
(80, 'AT T US', 'us'),
(81, 'Grameenphone BD', 'bd'),
(82, 'Mobitel SD', 'sd'),
(83, 'Celcom MY', 'my'),
(84, 'Maxisnet MY', 'my'),
(85, 'Digi MY', 'my'),
(86, 'Telekom Serbia CS', 'cs'),
(87, 'MLT TJ', 'tj'),
(88, 'Cricket US', 'us'),
(89, 'Aktel BD', 'bd'),
(90, 'Sprint US', 'us'),
(91, 'SFR FR', 'fr'),
(92, 'Bouygtel FR', 'fr'),
(93, 'Beeline TJ', 'tj'),
(94, 'Orenburg GSM RU', 'ru'),
(26, 'NTK RU', 'ru'),
(96, 'TELE2 KZ', 'kz'),
(97, 'Orange FR', 'fr'),
(98, 'Nar Mobile AZ', 'az'),
(101, 'KDDI JP', 'jp'),
(102, 'Indosat ID', 'id'),
(103, 'T-SEL ID', 'id'),
(104, 'proXL ID', 'id'),
(106, 'Telenor Pakistan PK', 'pk'),
(109, 'MTN NG', 'ng'),
(110, 'Elisa EE', 'ee'),
(112, 'MobiNil EG', 'eg'),
(113, 'Digitel VE', 've'),
(115, 'Bells EC', 'ec'),
(116, 'Maximo Lira PY', 'py'),
(117, 'TELE2 LT', 'lt'),
(118, 'Akos GSM RU', 'ru'),
(119, 'Bite LV', 'lv'),
(120, 'Airtel IN', 'in'),
(122, 'TELE2 EE', 'ee'),
(123, 'MegaCom KG', 'kg'),
(125, 'Topnet 3G MY', 'cs'),
(126, 'Pelephone IL', 'il'),
(127, 'Bakcell AZ', 'az'),
(128, 'Mobilkom AT', 'at'),
(129, 'Beeline AM', 'am'),
(130, 'Indigo TJ', 'tj'),
(131, 'MTN Networks LK', 'lk'),
(132, 'Beeline GE', 'ge'),
(133, 'Hutch IN', 'in'),
(134, 'TIM IT', 'it'),
(135, 'WIND IT', 'it'),
(136, 'Warid Telecom PK', 'pk'),
(137, 'Cytamobile CY', 'cy'),
(138, 'Irancell IR', 'ir'),
(139, 'VivaCell AM', 'am'),
(140, 'Turkcell TR', 'tr'),
(141, 'TMN PT', 'pt'),
(142, 'Safaricom KE', 'ke'),
(143, 'Vodafone NZ', 'nz'),
(144, 'E-Plus DE', 'de'),
(145, 'Celtel NG', 'ng'),
(146, 'Globacom NG', 'ng'),
(147, 'Vodafone RO', 'ro'),
(148, 'Globul BG', 'bg'),
(149, 'M-Tel GSM BG', 'bg'),
(150, 'Vivatel BG', 'bg'),
(151, 'TATA IN', 'in'),
(152, 'Vodafone DE', 'de'),
(153, 'T-Mobile DE', 'de'),
(154, 'O2 DE', 'de'),
(155, 'Cosmote RO', 'ro'),
(156, 'MobiCom MN', 'mn'),
(157, 'Mobtel YU', 'yu'),
(158, 'Vodafone IT', 'it'),
(160, 'Era GSM PL', 'pl'),
(161, 'Orange PL', 'pl'),
(162, 'Optimus PT', 'pt'),
(163, 'Vodafone PT', 'pt'),
(164, 'O2 CZ', 'cz'),
(165, 'T-Mobile CZ', 'cz'),
(166, 'Vodafone CZ', 'cz'),
(167, 'Gulfsat KW', 'kw'),
(168, 'MTS UA', 'ua'),
(169, 'Cosmote GR', 'gr'),
(170, 'Eventis MD', 'md'),
(171, 'Vodacom TZ', 'tz'),
(172, 'Saunalahti FI', 'fi'),
(173, 'Aisnet TH', 'th'),
(174, 'Lonestarcell MC', 'mc'),
(175, 'Aquafon AH', 'ah'),
(176, 'Vodafone IE', 'ie'),
(177, 'Kanartel SD', 'sd'),
(179, 'MTS SA', 'sa'),
(180, 'Vodafone EG', 'eg'),
(181, 'Link EG', 'eg'),
(182, 'IDC MD', 'md'),
(183, 'Vipnet HR', 'hr'),
(186, 'Libyan Telecom LY', 'ly'),
(187, 'Getway BE', 'be'),
(188, 'Nur Telecom KG', 'kg'),
(189, 'Telus Mobility CA', 'ca'),
(190, 'Mobitel SI', 'si'),
(191, 'KPNO BE', 'be'),
(192, 'MTS TM', 'tm'),
(193, 'Yota RU', 'ru'),
(195, 'Karizma TR', 'tr'),
(196, 'Telsim Mobile TR', 'tr'),
(197, 'ITC IR', 'ir'),
(198, 'T-Mobile MK', 'mk'),
(199, 'Telefonica PA', 'pa'),
(200, 'Fonex KG', 'kg'),
(201, 'Yoigo ES', 'es'),
(202, 'China Telecom CN', 'cn'),
(203, 'O2 IE', 'ie'),
(205, 'Orange SK', 'sk'),
(206, 'CWPANAMA PA', 'pa'),
(208, 'PEOPLEnet UA', 'ua'),
(209, 'Verizon US', 'us'),
(210, 'CDMA UA', 'ua'),
(211, 'Intertelecom UA', 'ua'),
(212, 'Google Wireless US', 'us'),
(213, 'VinaPhone VN', 'vn'),
(214, 'MTN AF', 'af'),
(215, 'Wellcom RU', 'ru'),
(216, 'PlusGSM PL', 'pl'),
(218, 'Orange ES', 'es'),
(219, 'Hutchinson 3G UK', 'uk'),
(220, 'MonetGSM YU', 'yu'),
(221, 'Mobitel LK', 'lk'),
(222, 'PTK Center PL', 'pl'),
(226, 'Waridtel BD', 'bd'),
(227, 'Vodafone GR', 'gr'),
(228, 'Movistar ES', 'es'),
(229, 'Emirnet AE', 'ae'),
(230, 'Optus Mobile AU', 'au'),
(231, 'Avea TR', 'tr'),
(232, 'Wisma Barito ID', 'id'),
(233, 'Vodafone ES', 'es'),
(234, 'Vodafone HU', 'hu'),
(235, 'Telemovil SV', 'sv'),
(236, 'AlgerieTelecom DZ', 'dz'),
(237, 'Ettihad Etisalat SA', 'sa'),
(239, 'Vodafone IN', 'in'),
(240, 'Vodafone TR', 'tr'),
(241, 'Open Mobile PR', 'pr'),
(243, 'Dtacnet TH', 'th'),
(245, 'Airtel LK', 'lk'),
(246, 'Movicel AO', 'ao'),
(248, 'Telef?nica MX', 'mx'),
(249, 'Movistar AR', 'ar'),
(250, 'Newroz Telecom IQ', 'iq'),
(251, 'Kktcell TR', 'tr'),
(253, 'Globe PH', 'ph'),
(254, 'Playmobile PL', 'pl'),
(255, 'Reliance IN', 'in'),
(256, 'A-Mobile AH', 'ah'),
(257, 'Cell C ZA', 'za'),
(258, 'Sing tel SG', 'sg'),
(259, 'Vodafone BH', 'bh'),
(260, 'Telefonica PE', 'pe'),
(261, 'Etisalat EG', 'eg'),
(263, 'Wataniya KW', 'kw'),
(265, 'KPN NL', 'nl'),
(266, 'MTN CY', 'cy'),
(267, 'HI3G SE', 'se'),
(268, 'Taiwan Mobile TW', 'tw'),
(269, 'Meteor IE', 'ie'),
(270, 'Telcel VE', 've'),
(271, 'G-Mobile MN', 'mn'),
(272, 'MobileCOM JO', 'jo'),
(273, 'RIM UK', 'uk'),
(275, 'Telefonica O2 SK', 'sk'),
(276, 'Jabatan BN', 'bn'),
(277, 'Telia-Mobile SE', 'se'),
(278, 'MIRS IL', 'il'),
(280, 'Orange AM', 'am'),
(281, 'Telef?nica BO', 'bo'),
(283, 'T-Mobile AT', 'at'),
(284, 'Tcell TJ', 'tj'),
(286, 'Rogers CA', 'ca'),
(288, 'Vodafone NL', 'nl'),
(289, 'Mobilcom DE', 'de'),
(290, 'Iusacell MX', 'mx'),
(291, 'Syriatel SY', 'sy'),
(292, 'BH Telecom BA', 'ba'),
(293, 'Paltel PS', 'ps'),
(294, 'MTN SY', 'sy'),
(296, 'Vodafone QA', 'qa'),
(297, 'FastLink GSM JO', 'jo'),
(298, 'Maroc Connect MA', 'ma'),
(299, 'Promonte GSM ME', 'me'),
(301, 'Zain CD', 'cd'),
(302, 'TELE2 LU', 'lu'),
(303, 'Telenor RS', 'rs'),
(304, 'Kodotel RU', 'ru'),
(306, 'MTS NA', 'na'),
(307, 'Unite MD', 'md'),
(308, 'T-mobile NL', 'nl'),
(309, 'Azerfon AZ', 'az'),
(310, 'Koora Mobile OM', 'om'),
(311, 'Mobis BA', 'ba'),
(312, 'Vodafone AU', 'au'),
(313, 'Unitel LA', 'la'),
(314, 'Nepal Telecom NP', 'np'),
(315, 'Ovi Services US', 'us'),
(316, 'UC Browser NO', 'no'),
(317, 'APN-Mobile CH', 'ch'),
(320, 'Alternet Wimax UA', 'ua'),
(322, 'Dalacom KZ', 'kz'),
(323, 'Lycatel UK', 'uk'),
(324, 'Viettel VN', 'vn'),
(325, 'Beeline VN', 'vn'),
(328, 'Diallog BY', 'by'),
(329, 'Viettel KH', 'kh'),
(330, 'Postemobile IT', 'it'),
(333, 'Sotel KG', 'kg'),
(334, 'Silknet GE', 'ge'),
(335, 'Hutchinson 3G AT', 'at');
